id,name,programId,levelId,openings,futureOpenings,dayNumber,startTime,endTime,dayName,location,location.short,level,helper,helper2
3159,Swish! Aqua Studio - Outdoor Pool: Private Lessons with Coach Ian W.,61,21,0,0,7,8:00 AM,8:30AM,Sat,Aqua Studio - Outdoor Pool,Aqua Studio,Private Lessons,Sat|Aqua Studio - Outdoor Pool|Private Lessons|8:00 AM,Sat|Aqua Studio|Private Lessons|8:00 AM
3018,Swish! Hub - Indoor Pool: Mini Fini 1 ( 4 - 9 months) with Coach Amelia F.,66,3,5,0,5,10:30 AM,11:00AM,Thu,Hub - Indoor Pool,Hub,Mini Fini 1 ( 4 - 9 months),Thu|Hub - Indoor Pool|Mini Fini 1 ( 4 - 9 months)|10:30 AM,Thu|Hub|Mini Fini 1 ( 4 - 9 months)|10:30 AM
2781,Swish! Aqua Studio - Outdoor Pool: Mini Fini 1 ( 4 - 9 months) with Coach Cal C.,61,3,3,0,2,10:30 AM,11:00AM,Mon,Aqua Studio - Outdoor Pool,Aqua Studio,Mini Fini 1 ( 4 - 9 months),Mon|Aqua Studio - Outdoor Pool|Mini Fini 1 ( 4 - 9 months)|10:30 AM,Mon|Aqua Studio|Mini Fini 1 ( 4 - 9 months)|10:30 AM
627,Swish! Hub - Indoor Pool: Mini Fini 1 ( 4 - 9 months) with Coach Amelia F.,66,3,3,0,5,9:00 AM,9:30AM,Thu,Hub - Indoor Pool,Hub,Mini Fini 1 ( 4 - 9 months),Thu|Hub - Indoor Pool|Mini Fini 1 ( 4 - 9 months)|9:00 AM,Thu|Hub|Mini Fini 1 ( 4 - 9 months)|9:00 AM
3221,Swish! Hub - Indoor Pool: Mini Fini 1 ( 4 - 9 months) with Coach Muhammad Danial B.,66,3,3,0,6,10:30 AM,11:00AM,Fri,Hub - Indoor Pool,Hub,Mini Fini 1 ( 4 - 9 months),Fri|Hub - Indoor Pool|Mini Fini 1 ( 4 - 9 months)|10:30 AM,Fri|Hub|Mini Fini 1 ( 4 - 9 months)|10:30 AM
3135,Swish! Hub - Indoor Pool: Mini Fini 1 ( 4 - 9 months) with Coach Trisha N.,66,3,1,0,1,2:00 PM,2:30PM,Sun,Hub - Indoor Pool,Hub,Mini Fini 1 ( 4 - 9 months),Sun|Hub - Indoor Pool|Mini Fini 1 ( 4 - 9 months)|2:00 PM,Sun|Hub|Mini Fini 1 ( 4 - 9 months)|2:00 PM
2378,Swish! Hub - Indoor Pool: Mini Fini 1 ( 4 - 9 months) with Coach Ryan L.,66,3,0,0,1,9:00 AM,9:30AM,Sun,Hub - Indoor Pool,Hub,Mini Fini 1 ( 4 - 9 months),Sun|Hub - Indoor Pool|Mini Fini 1 ( 4 - 9 months)|9:00 AM,Sun|Hub|Mini Fini 1 ( 4 - 9 months)|9:00 AM
996,Swish! Hub - Sheltered Pool: Mini Fini 1 ( 4 - 9 months) with Coach Cal C.,17,3,0,0,1,11:00 AM,11:30AM,Sun,Hub - Sheltered Pool,Hub,Mini Fini 1 ( 4 - 9 months),Sun|Hub - Sheltered Pool|Mini Fini 1 ( 4 - 9 months)|11:00 AM,Sun|Hub|Mini Fini 1 ( 4 - 9 months)|11:00 AM
3106,Swish! Aqua Studio - Outdoor Pool: Mini Fini 1 ( 4 - 9 months) with Coach Cal C.,61,3,0,0,4,10:30 AM,11:00AM,Wed,Aqua Studio - Outdoor Pool,Aqua Studio,Mini Fini 1 ( 4 - 9 months),Wed|Aqua Studio - Outdoor Pool|Mini Fini 1 ( 4 - 9 months)|10:30 AM,Wed|Aqua Studio|Mini Fini 1 ( 4 - 9 months)|10:30 AM
2832,Swish! Hub - Sheltered Pool: Mini Fini 1 ( 4 - 9 months) with Coach Ernest K.,17,3,0,0,7,10:30 AM,11:00AM,Sat,Hub - Sheltered Pool,Hub,Mini Fini 1 ( 4 - 9 months),Sat|Hub - Sheltered Pool|Mini Fini 1 ( 4 - 9 months)|10:30 AM,Sat|Hub|Mini Fini 1 ( 4 - 9 months)|10:30 AM
988,Swish! Hub - Sheltered Pool: Mini Fini 1 ( 4 - 9 months) with Coach Caleb Y.,17,3,0,0,7,11:00 AM,11:30AM,Sat,Hub - Sheltered Pool,Hub,Mini Fini 1 ( 4 - 9 months),Sat|Hub - Sheltered Pool|Mini Fini 1 ( 4 - 9 months)|11:00 AM,Sat|Hub|Mini Fini 1 ( 4 - 9 months)|11:00 AM
2768,Swish! Hub - Sheltered Pool: Mini Fini 1 ( 4 - 9 months) with Coach Amelia F.,17,3,0,0,7,3:00 PM,3:30PM,Sat,Hub - Sheltered Pool,Hub,Mini Fini 1 ( 4 - 9 months),Sat|Hub - Sheltered Pool|Mini Fini 1 ( 4 - 9 months)|3:00 PM,Sat|Hub|Mini Fini 1 ( 4 - 9 months)|3:00 PM
3157,Swish! Hub - Sheltered Pool: Mini Fini 1 ( 4 - 9 months) with Coach Caleb Y.,17,3,0,0,7,8:00 AM,8:30AM,Sat,Hub - Sheltered Pool,Hub,Mini Fini 1 ( 4 - 9 months),Sat|Hub - Sheltered Pool|Mini Fini 1 ( 4 - 9 months)|8:00 AM,Sat|Hub|Mini Fini 1 ( 4 - 9 months)|8:00 AM
652,Swish! Hub - Sheltered Pool: Mini Fini 2 ( 9 - 18 months) with Coach Cal C.,17,14,3,0,1,8:00 AM,8:30AM,Sun,Hub - Sheltered Pool,Hub,Mini Fini 2 ( 9 - 18 months),Sun|Hub - Sheltered Pool|Mini Fini 2 ( 9 - 18 months)|8:00 AM,Sun|Hub|Mini Fini 2 ( 9 - 18 months)|8:00 AM
2989,Swish! Aqua Studio - Outdoor Pool: Mini Fini 2 ( 9 - 18 months) with Coach Nusaibah Sajiah B.,61,14,2,0,1,8:30 AM,9:00AM,Sun,Aqua Studio - Outdoor Pool,Aqua Studio,Mini Fini 2 ( 9 - 18 months),Sun|Aqua Studio - Outdoor Pool|Mini Fini 2 ( 9 - 18 months)|8:30 AM,Sun|Aqua Studio|Mini Fini 2 ( 9 - 18 months)|8:30 AM
2914,Swish! Hub - Indoor Pool: Mini Fini 2 ( 9 - 18 months) with Coach Trisha N.,66,14,2,0,1,3:00 PM,3:30PM,Sun,Hub - Indoor Pool,Hub,Mini Fini 2 ( 9 - 18 months),Sun|Hub - Indoor Pool|Mini Fini 2 ( 9 - 18 months)|3:00 PM,Sun|Hub|Mini Fini 2 ( 9 - 18 months)|3:00 PM
656,Swish! Hub - Sheltered Pool: Mini Fini 2 ( 9 - 18 months) with Coach Cal C.,17,14,2,0,1,4:00 PM,4:30PM,Sun,Hub - Sheltered Pool,Hub,Mini Fini 2 ( 9 - 18 months),Sun|Hub - Sheltered Pool|Mini Fini 2 ( 9 - 18 months)|4:00 PM,Sun|Hub|Mini Fini 2 ( 9 - 18 months)|4:00 PM
979,Swish! Aqua Studio - Outdoor Pool: Mini Fini 2 ( 9 - 18 months) with Coach Cal C.,61,14,2,0,4,9:00 AM,9:30AM,Wed,Aqua Studio - Outdoor Pool,Aqua Studio,Mini Fini 2 ( 9 - 18 months),Wed|Aqua Studio - Outdoor Pool|Mini Fini 2 ( 9 - 18 months)|9:00 AM,Wed|Aqua Studio|Mini Fini 2 ( 9 - 18 months)|9:00 AM
632,Swish! Hub - Indoor Pool: Mini Fini 2 ( 9 - 18 months) with Coach Caleb Y.,66,14,1,0,1,10:30 AM,11:00AM,Sun,Hub - Indoor Pool,Hub,Mini Fini 2 ( 9 - 18 months),Sun|Hub - Indoor Pool|Mini Fini 2 ( 9 - 18 months)|10:30 AM,Sun|Hub|Mini Fini 2 ( 9 - 18 months)|10:30 AM
2376,Swish! Hub - Indoor Pool: Mini Fini 2 ( 9 - 18 months) with Coach Ryan L.,66,14,1,0,1,8:00 AM,8:30AM,Sun,Hub - Indoor Pool,Hub,Mini Fini 2 ( 9 - 18 months),Sun|Hub - Indoor Pool|Mini Fini 2 ( 9 - 18 months)|8:00 AM,Sun|Hub|Mini Fini 2 ( 9 - 18 months)|8:00 AM
2744,Swish! Hub - Sheltered Pool: Mini Fini 2 ( 9 - 18 months) with Coach Amelia F.,17,14,1,0,1,11:30 AM,12:00PM,Sun,Hub - Sheltered Pool,Hub,Mini Fini 2 ( 9 - 18 months),Sun|Hub - Sheltered Pool|Mini Fini 2 ( 9 - 18 months)|11:30 AM,Sun|Hub|Mini Fini 2 ( 9 - 18 months)|11:30 AM
3219,Swish! Hub - Indoor Pool: Mini Fini 2 ( 9 - 18 months) with Coach Muhammad Danial B.,66,14,1,0,6,9:30 AM,10:00AM,Fri,Hub - Indoor Pool,Hub,Mini Fini 2 ( 9 - 18 months),Fri|Hub - Indoor Pool|Mini Fini 2 ( 9 - 18 months)|9:30 AM,Fri|Hub|Mini Fini 2 ( 9 - 18 months)|9:30 AM
2375,Swish! Hub - Indoor Pool: Mini Fini 2 ( 9 - 18 months) with Coach Muhammad Danial B.,66,14,1,0,7,9:30 AM,10:00AM,Sat,Hub - Indoor Pool,Hub,Mini Fini 2 ( 9 - 18 months),Sat|Hub - Indoor Pool|Mini Fini 2 ( 9 - 18 months)|9:30 AM,Sat|Hub|Mini Fini 2 ( 9 - 18 months)|9:30 AM
2381,Swish! Hub - Indoor Pool: Mini Fini 2 ( 9 - 18 months),66,14,0,0,1,10:30 AM,11:00AM,Sun,Hub - Indoor Pool,Hub,Mini Fini 2 ( 9 - 18 months),Sun|Hub - Indoor Pool|Mini Fini 2 ( 9 - 18 months)|10:30 AM,Sun|Hub|Mini Fini 2 ( 9 - 18 months)|10:30 AM
2801,Swish! Hub - Indoor Pool: Mini Fini 2 ( 9 - 18 months) with Coach Trisha N.,66,14,0,0,1,4:30 PM,5:00PM,Sun,Hub - Indoor Pool,Hub,Mini Fini 2 ( 9 - 18 months),Sun|Hub - Indoor Pool|Mini Fini 2 ( 9 - 18 months)|4:30 PM,Sun|Hub|Mini Fini 2 ( 9 - 18 months)|4:30 PM
733,Swish! Hub - Sheltered Pool: Mini Fini 2 ( 9 - 18 months) with Coach Amelia F.,17,14,0,0,1,8:30 AM,9:00AM,Sun,Hub - Sheltered Pool,Hub,Mini Fini 2 ( 9 - 18 months),Sun|Hub - Sheltered Pool|Mini Fini 2 ( 9 - 18 months)|8:30 AM,Sun|Hub|Mini Fini 2 ( 9 - 18 months)|8:30 AM
2189,Swish! Aqua Studio - Outdoor Pool: Mini Fini 2 ( 9 - 18 months) with Coach Cal C.,61,14,0,0,2,9:00 AM,9:30AM,Mon,Aqua Studio - Outdoor Pool,Aqua Studio,Mini Fini 2 ( 9 - 18 months),Mon|Aqua Studio - Outdoor Pool|Mini Fini 2 ( 9 - 18 months)|9:00 AM,Mon|Aqua Studio|Mini Fini 2 ( 9 - 18 months)|9:00 AM
967,Swish! Aqua Studio - Outdoor Pool: Mini Fini 2 ( 9 - 18 months) with Coach Cal C.,61,14,0,0,4,10:00 AM,10:30AM,Wed,Aqua Studio - Outdoor Pool,Aqua Studio,Mini Fini 2 ( 9 - 18 months),Wed|Aqua Studio - Outdoor Pool|Mini Fini 2 ( 9 - 18 months)|10:00 AM,Wed|Aqua Studio|Mini Fini 2 ( 9 - 18 months)|10:00 AM
2198,Swish! Hub - Indoor Pool: Mini Fini 2 ( 9 - 18 months) with Coach Amelia F.,66,14,0,0,5,9:30 AM,10:00AM,Thu,Hub - Indoor Pool,Hub,Mini Fini 2 ( 9 - 18 months),Thu|Hub - Indoor Pool|Mini Fini 2 ( 9 - 18 months)|9:30 AM,Thu|Hub|Mini Fini 2 ( 9 - 18 months)|9:30 AM
874,Swish! Aqua Studio - Outdoor Pool: Mini Fini 2 ( 9 - 18 months) with Coach Ian W.,61,14,0,0,7,8:30 AM,9:00AM,Sat,Aqua Studio - Outdoor Pool,Aqua Studio,Mini Fini 2 ( 9 - 18 months),Sat|Aqua Studio - Outdoor Pool|Mini Fini 2 ( 9 - 18 months)|8:30 AM,Sat|Aqua Studio|Mini Fini 2 ( 9 - 18 months)|8:30 AM
2459,Swish! Aqua Studio - Outdoor Pool: Mini Fini 2 ( 9 - 18 months) with Coach Ian W.,61,14,0,0,7,9:30 AM,10:00AM,Sat,Aqua Studio - Outdoor Pool,Aqua Studio,Mini Fini 2 ( 9 - 18 months),Sat|Aqua Studio - Outdoor Pool|Mini Fini 2 ( 9 - 18 months)|9:30 AM,Sat|Aqua Studio|Mini Fini 2 ( 9 - 18 months)|9:30 AM
2367,Swish! Hub - Indoor Pool: Mini Fini 2 ( 9 - 18 months) with Coach Muhammad Danial B.,66,14,0,0,7,8:00 AM,8:30AM,Sat,Hub - Indoor Pool,Hub,Mini Fini 2 ( 9 - 18 months),Sat|Hub - Indoor Pool|Mini Fini 2 ( 9 - 18 months)|8:00 AM,Sat|Hub|Mini Fini 2 ( 9 - 18 months)|8:00 AM
634,Swish! Hub - Sheltered Pool: Mini Fini 2 ( 9 - 18 months) with Coach Caleb Y.,17,14,0,0,7,10:00 AM,10:30AM,Sat,Hub - Sheltered Pool,Hub,Mini Fini 2 ( 9 - 18 months),Sat|Hub - Sheltered Pool|Mini Fini 2 ( 9 - 18 months)|10:00 AM,Sat|Hub|Mini Fini 2 ( 9 - 18 months)|10:00 AM
651,Swish! Hub - Sheltered Pool: Mini Fini 2 ( 9 - 18 months) with Coach Ryan L.,17,14,0,0,7,4:00 PM,4:30PM,Sat,Hub - Sheltered Pool,Hub,Mini Fini 2 ( 9 - 18 months),Sat|Hub - Sheltered Pool|Mini Fini 2 ( 9 - 18 months)|4:00 PM,Sat|Hub|Mini Fini 2 ( 9 - 18 months)|4:00 PM
728,Swish! Hub - Sheltered Pool: Mini Fini 3 ( 18 - 24 months) with Coach Ernest K.,17,15,4,0,7,9:30 AM,10:00AM,Sat,Hub - Sheltered Pool,Hub,Mini Fini 3 ( 18 - 24 months),Sat|Hub - Sheltered Pool|Mini Fini 3 ( 18 - 24 months)|9:30 AM,Sat|Hub|Mini Fini 3 ( 18 - 24 months)|9:30 AM
2888,Swish! Aqua Studio - Outdoor Pool: Mini Fini 3 ( 18 - 24 months) with Coach Ryan L.,61,15,3,0,7,10:30 AM,11:00AM,Sat,Aqua Studio - Outdoor Pool,Aqua Studio,Mini Fini 3 ( 18 - 24 months),Sat|Aqua Studio - Outdoor Pool|Mini Fini 3 ( 18 - 24 months)|10:30 AM,Sat|Aqua Studio|Mini Fini 3 ( 18 - 24 months)|10:30 AM
2372,Swish! Hub - Indoor Pool: Mini Fini 3 ( 18 - 24 months) with Coach Muhammad Danial B.,66,15,3,0,7,11:00 AM,11:30AM,Sat,Hub - Indoor Pool,Hub,Mini Fini 3 ( 18 - 24 months),Sat|Hub - Indoor Pool|Mini Fini 3 ( 18 - 24 months)|11:00 AM,Sat|Hub|Mini Fini 3 ( 18 - 24 months)|11:00 AM
2402,Swish! Laguna - 20m Outdoor Pool: Mini Fini 3 ( 18 - 24 months) with Coach Joey Y.,68,15,3,0,7,9:30 AM,10:00AM,Sat,Laguna - 20m Outdoor Pool,Laguna,Mini Fini 3 ( 18 - 24 months),Sat|Laguna - 20m Outdoor Pool|Mini Fini 3 ( 18 - 24 months)|9:30 AM,Sat|Laguna|Mini Fini 3 ( 18 - 24 months)|9:30 AM
653,Swish! Hub - Sheltered Pool: Mini Fini 3 ( 18 - 24 months) with Coach Cal C.,17,15,2,0,1,9:30 AM,10:00AM,Sun,Hub - Sheltered Pool,Hub,Mini Fini 3 ( 18 - 24 months),Sun|Hub - Sheltered Pool|Mini Fini 3 ( 18 - 24 months)|9:30 AM,Sun|Hub|Mini Fini 3 ( 18 - 24 months)|9:30 AM
526,Swish! Aqua Studio - Outdoor Pool: Mini Fini 3 ( 18 - 24 months) with Coach Amelia F.,61,15,1,0,1,4:00 PM,4:30PM,Sun,Aqua Studio - Outdoor Pool,Aqua Studio,Mini Fini 3 ( 18 - 24 months),Sun|Aqua Studio - Outdoor Pool|Mini Fini 3 ( 18 - 24 months)|4:00 PM,Sun|Aqua Studio|Mini Fini 3 ( 18 - 24 months)|4:00 PM
3156,Swish! Hub - Indoor Pool: Mini Fini 3 ( 18 - 24 months) with Coach Trisha N.,66,15,1,0,1,3:30 PM,4:00PM,Sun,Hub - Indoor Pool,Hub,Mini Fini 3 ( 18 - 24 months),Sun|Hub - Indoor Pool|Mini Fini 3 ( 18 - 24 months)|3:30 PM,Sun|Hub|Mini Fini 3 ( 18 - 24 months)|3:30 PM
868,Swish! Hub - Indoor Pool: Mini Fini 3 ( 18 - 24 months) with Coach Caleb Y.,66,15,1,0,1,9:00 AM,9:30AM,Sun,Hub - Indoor Pool,Hub,Mini Fini 3 ( 18 - 24 months),Sun|Hub - Indoor Pool|Mini Fini 3 ( 18 - 24 months)|9:00 AM,Sun|Hub|Mini Fini 3 ( 18 - 24 months)|9:00 AM
666,Swish! Hub - Sheltered Pool: Mini Fini 3 ( 18 - 24 months) with Coach Cal C.,17,15,1,0,1,8:30 AM,9:00AM,Sun,Hub - Sheltered Pool,Hub,Mini Fini 3 ( 18 - 24 months),Sun|Hub - Sheltered Pool|Mini Fini 3 ( 18 - 24 months)|8:30 AM,Sun|Hub|Mini Fini 3 ( 18 - 24 months)|8:30 AM
2863,Swish! Hub - Sheltered Pool: Mini Fini 3 ( 18 - 24 months) with Coach Amelia F.,17,15,1,0,5,3:30 PM,4:00PM,Thu,Hub - Sheltered Pool,Hub,Mini Fini 3 ( 18 - 24 months),Thu|Hub - Sheltered Pool|Mini Fini 3 ( 18 - 24 months)|3:30 PM,Thu|Hub|Mini Fini 3 ( 18 - 24 months)|3:30 PM
836,Swish! Aqua Studio - Outdoor Pool: Mini Fini 3 ( 18 - 24 months) with Coach Nusaibah Sajiah B.,61,15,0,0,1,8:00 AM,8:30AM,Sun,Aqua Studio - Outdoor Pool,Aqua Studio,Mini Fini 3 ( 18 - 24 months),Sun|Aqua Studio - Outdoor Pool|Mini Fini 3 ( 18 - 24 months)|8:00 AM,Sun|Aqua Studio|Mini Fini 3 ( 18 - 24 months)|8:00 AM
2382,Swish! Hub - Indoor Pool: Mini Fini 3 ( 18 - 24 months) with Coach Ryan L.,66,15,0,0,1,11:00 AM,11:30AM,Sun,Hub - Indoor Pool,Hub,Mini Fini 3 ( 18 - 24 months),Sun|Hub - Indoor Pool|Mini Fini 3 ( 18 - 24 months)|11:00 AM,Sun|Hub|Mini Fini 3 ( 18 - 24 months)|11:00 AM
2379,Swish! Hub - Indoor Pool: Mini Fini 3 ( 18 - 24 months) with Coach Ryan L.,66,15,0,0,1,9:30 AM,10:00AM,Sun,Hub - Indoor Pool,Hub,Mini Fini 3 ( 18 - 24 months),Sun|Hub - Indoor Pool|Mini Fini 3 ( 18 - 24 months)|9:30 AM,Sun|Hub|Mini Fini 3 ( 18 - 24 months)|9:30 AM
725,Swish! Hub - Sheltered Pool: Mini Fini 3 ( 18 - 24 months) with Coach Amelia F.,17,15,0,0,1,10:00 AM,10:30AM,Sun,Hub - Sheltered Pool,Hub,Mini Fini 3 ( 18 - 24 months),Sun|Hub - Sheltered Pool|Mini Fini 3 ( 18 - 24 months)|10:00 AM,Sun|Hub|Mini Fini 3 ( 18 - 24 months)|10:00 AM
945,Swish! Aqua Studio - Outdoor Pool: Mini Fini 3 ( 18 - 24 months) with Coach Cal C.,61,15,0,0,2,9:30 AM,10:00AM,Mon,Aqua Studio - Outdoor Pool,Aqua Studio,Mini Fini 3 ( 18 - 24 months),Mon|Aqua Studio - Outdoor Pool|Mini Fini 3 ( 18 - 24 months)|9:30 AM,Mon|Aqua Studio|Mini Fini 3 ( 18 - 24 months)|9:30 AM
991,Swish! Hub - Sheltered Pool: Mini Fini 3 ( 18 - 24 months) with Coach Ryan L.,17,15,0,0,7,3:30 PM,4:00PM,Sat,Hub - Sheltered Pool,Hub,Mini Fini 3 ( 18 - 24 months),Sat|Hub - Sheltered Pool|Mini Fini 3 ( 18 - 24 months)|3:30 PM,Sat|Hub|Mini Fini 3 ( 18 - 24 months)|3:30 PM
3137,Swish! Hub - Sheltered Pool: Mini Fini 3 ( 18 - 24 months) with Coach Amelia F.,17,15,0,0,7,4:00 PM,4:30PM,Sat,Hub - Sheltered Pool,Hub,Mini Fini 3 ( 18 - 24 months),Sat|Hub - Sheltered Pool|Mini Fini 3 ( 18 - 24 months)|4:00 PM,Sat|Hub|Mini Fini 3 ( 18 - 24 months)|4:00 PM
3252,Swish! Aqua Studio - Outdoor Pool: Mini Fini 4 ( 24 - 42 months) with Coach Muhammad Danial B.,61,16,5,0,6,3:30 PM,4:00PM,Fri,Aqua Studio - Outdoor Pool,Aqua Studio,Mini Fini 4 ( 24 - 42 months),Fri|Aqua Studio - Outdoor Pool|Mini Fini 4 ( 24 - 42 months)|3:30 PM,Fri|Aqua Studio|Mini Fini 4 ( 24 - 42 months)|3:30 PM
869,Swish! Hub - Indoor Pool: Mini Fini 4 ( 24 - 42 months) with Coach Caleb Y.,66,16,4,0,1,11:00 AM,11:30AM,Sun,Hub - Indoor Pool,Hub,Mini Fini 4 ( 24 - 42 months),Sun|Hub - Indoor Pool|Mini Fini 4 ( 24 - 42 months)|11:00 AM,Sun|Hub|Mini Fini 4 ( 24 - 42 months)|11:00 AM
3212,Swish! Laguna - 20m Outdoor Pool: Mini Fini 4 ( 24 - 42 months) with Coach Ameer B.,68,16,4,0,1,9:30 AM,10:00AM,Sun,Laguna - 20m Outdoor Pool,Laguna,Mini Fini 4 ( 24 - 42 months),Sun|Laguna - 20m Outdoor Pool|Mini Fini 4 ( 24 - 42 months)|9:30 AM,Sun|Laguna|Mini Fini 4 ( 24 - 42 months)|9:30 AM
3220,Swish! Hub - Indoor Pool: Mini Fini 4 ( 24 - 42 months) with Coach Muhammad Danial B.,66,16,4,0,6,10:00 AM,10:30AM,Fri,Hub - Indoor Pool,Hub,Mini Fini 4 ( 24 - 42 months),Fri|Hub - Indoor Pool|Mini Fini 4 ( 24 - 42 months)|10:00 AM,Fri|Hub|Mini Fini 4 ( 24 - 42 months)|10:00 AM
646,Swish! Hub - Indoor Pool: Mini Fini 4 ( 24 - 42 months) with Coach Caleb Y.,66,16,3,0,1,8:30 AM,9:00AM,Sun,Hub - Indoor Pool,Hub,Mini Fini 4 ( 24 - 42 months),Sun|Hub - Indoor Pool|Mini Fini 4 ( 24 - 42 months)|8:30 AM,Sun|Hub|Mini Fini 4 ( 24 - 42 months)|8:30 AM
2160,Swish! Laguna - 20m Outdoor Pool: Mini Fini 4 ( 24 - 42 months) with Coach Imam R.,68,16,3,0,1,5:00 PM,5:30PM,Sun,Laguna - 20m Outdoor Pool,Laguna,Mini Fini 4 ( 24 - 42 months),Sun|Laguna - 20m Outdoor Pool|Mini Fini 4 ( 24 - 42 months)|5:00 PM,Sun|Laguna|Mini Fini 4 ( 24 - 42 months)|5:00 PM
3041,Swish! Hub - Sheltered Pool: Mini Fini 4 ( 24 - 42 months) with Coach Cal C.,17,16,3,0,2,3:30 PM,4:00PM,Mon,Hub - Sheltered Pool,Hub,Mini Fini 4 ( 24 - 42 months),Mon|Hub - Sheltered Pool|Mini Fini 4 ( 24 - 42 months)|3:30 PM,Mon|Hub|Mini Fini 4 ( 24 - 42 months)|3:30 PM
953,Swish! Aqua Studio - Outdoor Pool: Mini Fini 4 ( 24 - 42 months) with Coach Cal C.,61,16,3,0,4,9:30 AM,10:00AM,Wed,Aqua Studio - Outdoor Pool,Aqua Studio,Mini Fini 4 ( 24 - 42 months),Wed|Aqua Studio - Outdoor Pool|Mini Fini 4 ( 24 - 42 months)|9:30 AM,Wed|Aqua Studio|Mini Fini 4 ( 24 - 42 months)|9:30 AM
2368,Swish! Hub - Indoor Pool: Mini Fini 4 ( 24 - 42 months) with Coach Muhammad Danial B.,66,16,3,0,7,8:30 AM,9:00AM,Sat,Hub - Indoor Pool,Hub,Mini Fini 4 ( 24 - 42 months),Sat|Hub - Indoor Pool|Mini Fini 4 ( 24 - 42 months)|8:30 AM,Sat|Hub|Mini Fini 4 ( 24 - 42 months)|8:30 AM
2783,Swish! Hub - Sheltered Pool: Mini Fini 4 ( 24 - 42 months) with Coach Caleb Y.,17,16,3,0,7,11:30 AM,12:00PM,Sat,Hub - Sheltered Pool,Hub,Mini Fini 4 ( 24 - 42 months),Sat|Hub - Sheltered Pool|Mini Fini 4 ( 24 - 42 months)|11:30 AM,Sat|Hub|Mini Fini 4 ( 24 - 42 months)|11:30 AM
3240,Swish! Hub - Sheltered Pool: Mini Fini 4 ( 24 - 42 months) with Coach Caleb Y.,17,16,3,0,7,9:30 AM,10:00AM,Sat,Hub - Sheltered Pool,Hub,Mini Fini 4 ( 24 - 42 months),Sat|Hub - Sheltered Pool|Mini Fini 4 ( 24 - 42 months)|9:30 AM,Sat|Hub|Mini Fini 4 ( 24 - 42 months)|9:30 AM
759,Swish! Laguna - 20m Outdoor Pool: Mini Fini 4 ( 24 - 42 months) with Coach Amelia F.,68,16,3,0,7,8:00 AM,8:30AM,Sat,Laguna - 20m Outdoor Pool,Laguna,Mini Fini 4 ( 24 - 42 months),Sat|Laguna - 20m Outdoor Pool|Mini Fini 4 ( 24 - 42 months)|8:00 AM,Sat|Laguna|Mini Fini 4 ( 24 - 42 months)|8:00 AM
747,Swish! Laguna - 20m Outdoor Pool: Mini Fini 4 ( 24 - 42 months) with Coach Imam R.,68,16,2,0,1,10:00 AM,10:30AM,Sun,Laguna - 20m Outdoor Pool,Laguna,Mini Fini 4 ( 24 - 42 months),Sun|Laguna - 20m Outdoor Pool|Mini Fini 4 ( 24 - 42 months)|10:00 AM,Sun|Laguna|Mini Fini 4 ( 24 - 42 months)|10:00 AM
3027,Swish! Hub - Sheltered Pool: Mini Fini 4 ( 24 - 42 months) with Coach Joey Y.,17,16,2,0,3,4:00 PM,4:30PM,Tue,Hub - Sheltered Pool,Hub,Mini Fini 4 ( 24 - 42 months),Tue|Hub - Sheltered Pool|Mini Fini 4 ( 24 - 42 months)|4:00 PM,Tue|Hub|Mini Fini 4 ( 24 - 42 months)|4:00 PM
3053,Swish! Hub - Sheltered Pool: Mini Fini 4 ( 24 - 42 months) with Coach Caleb Y.,17,16,2,0,7,9:00 AM,9:30AM,Sat,Hub - Sheltered Pool,Hub,Mini Fini 4 ( 24 - 42 months),Sat|Hub - Sheltered Pool|Mini Fini 4 ( 24 - 42 months)|9:00 AM,Sat|Hub|Mini Fini 4 ( 24 - 42 months)|9:00 AM
883,Swish! Aqua Studio - Outdoor Pool: Mini Fini 4 ( 24 - 42 months) with Coach Nusaibah Sajiah B.,61,16,1,0,1,9:00 AM,9:30AM,Sun,Aqua Studio - Outdoor Pool,Aqua Studio,Mini Fini 4 ( 24 - 42 months),Sun|Aqua Studio - Outdoor Pool|Mini Fini 4 ( 24 - 42 months)|9:00 AM,Sun|Aqua Studio|Mini Fini 4 ( 24 - 42 months)|9:00 AM
672,Swish! Hub - Indoor Pool: Mini Fini 4 ( 24 - 42 months) with Coach Caleb Y.,66,16,1,0,1,10:00 AM,10:30AM,Sun,Hub - Indoor Pool,Hub,Mini Fini 4 ( 24 - 42 months),Sun|Hub - Indoor Pool|Mini Fini 4 ( 24 - 42 months)|10:00 AM,Sun|Hub|Mini Fini 4 ( 24 - 42 months)|10:00 AM
912,Swish! Laguna - 20m Outdoor Pool: Mini Fini 4 ( 24 - 42 months) with Coach Imam R.,68,16,1,0,1,11:00 AM,11:30AM,Sun,Laguna - 20m Outdoor Pool,Laguna,Mini Fini 4 ( 24 - 42 months),Sun|Laguna - 20m Outdoor Pool|Mini Fini 4 ( 24 - 42 months)|11:00 AM,Sun|Laguna|Mini Fini 4 ( 24 - 42 months)|11:00 AM
3145,Swish! Laguna - 20m Outdoor Pool: Mini Fini 4 ( 24 - 42 months) with Coach Ryan L.,68,16,1,0,3,4:30 PM,5:00PM,Tue,Laguna - 20m Outdoor Pool,Laguna,Mini Fini 4 ( 24 - 42 months),Tue|Laguna - 20m Outdoor Pool|Mini Fini 4 ( 24 - 42 months)|4:30 PM,Tue|Laguna|Mini Fini 4 ( 24 - 42 months)|4:30 PM
873,Swish! Aqua Studio - Outdoor Pool: Mini Fini 4 ( 24 - 42 months) with Coach Ryan L.,61,16,1,0,7,8:30 AM,9:00AM,Sat,Aqua Studio - Outdoor Pool,Aqua Studio,Mini Fini 4 ( 24 - 42 months),Sat|Aqua Studio - Outdoor Pool|Mini Fini 4 ( 24 - 42 months)|8:30 AM,Sat|Aqua Studio|Mini Fini 4 ( 24 - 42 months)|8:30 AM
875,Swish! Aqua Studio - Outdoor Pool: Mini Fini 4 ( 24 - 42 months) with Coach Ian W.,61,16,1,0,7,9:00 AM,9:30AM,Sat,Aqua Studio - Outdoor Pool,Aqua Studio,Mini Fini 4 ( 24 - 42 months),Sat|Aqua Studio - Outdoor Pool|Mini Fini 4 ( 24 - 42 months)|9:00 AM,Sat|Aqua Studio|Mini Fini 4 ( 24 - 42 months)|9:00 AM
989,Swish! Hub - Sheltered Pool: Mini Fini 4 ( 24 - 42 months) with Coach Ernest K.,17,16,1,0,7,11:00 AM,11:30AM,Sat,Hub - Sheltered Pool,Hub,Mini Fini 4 ( 24 - 42 months),Sat|Hub - Sheltered Pool|Mini Fini 4 ( 24 - 42 months)|11:00 AM,Sat|Hub|Mini Fini 4 ( 24 - 42 months)|11:00 AM
2380,Swish! Hub - Indoor Pool: Mini Fini 4 ( 24 - 42 months) with Coach Ryan L.,66,16,0,0,1,10:00 AM,10:30AM,Sun,Hub - Indoor Pool,Hub,Mini Fini 4 ( 24 - 42 months),Sun|Hub - Indoor Pool|Mini Fini 4 ( 24 - 42 months)|10:00 AM,Sun|Hub|Mini Fini 4 ( 24 - 42 months)|10:00 AM
678,Swish! Hub - Sheltered Pool: Mini Fini 4 ( 24 - 42 months) with Coach Cal C.,17,16,0,0,1,5:00 PM,5:30PM,Sun,Hub - Sheltered Pool,Hub,Mini Fini 4 ( 24 - 42 months),Sun|Hub - Sheltered Pool|Mini Fini 4 ( 24 - 42 months)|5:00 PM,Sun|Hub|Mini Fini 4 ( 24 - 42 months)|5:00 PM
993,Swish! Hub - Sheltered Pool: Mini Fini 4 ( 24 - 42 months) with Coach Cal C.,17,16,0,0,1,9:00 AM,9:30AM,Sun,Hub - Sheltered Pool,Hub,Mini Fini 4 ( 24 - 42 months),Sun|Hub - Sheltered Pool|Mini Fini 4 ( 24 - 42 months)|9:00 AM,Sun|Hub|Mini Fini 4 ( 24 - 42 months)|9:00 AM
2168,Swish! Hub - Sheltered Pool: Mini Fini 4 ( 24 - 42 months) with Coach Amelia F.,17,16,0,0,1,9:30 AM,10:00AM,Sun,Hub - Sheltered Pool,Hub,Mini Fini 4 ( 24 - 42 months),Sun|Hub - Sheltered Pool|Mini Fini 4 ( 24 - 42 months)|9:30 AM,Sun|Hub|Mini Fini 4 ( 24 - 42 months)|9:30 AM
767,Swish! Laguna - 20m Outdoor Pool: Mini Fini 4 ( 24 - 42 months) with Coach Imam R.,68,16,0,0,1,8:30 AM,9:00AM,Sun,Laguna - 20m Outdoor Pool,Laguna,Mini Fini 4 ( 24 - 42 months),Sun|Laguna - 20m Outdoor Pool|Mini Fini 4 ( 24 - 42 months)|8:30 AM,Sun|Laguna|Mini Fini 4 ( 24 - 42 months)|8:30 AM
782,Swish! Laguna - 20m Outdoor Pool: Mini Fini 4 ( 24 - 42 months) with Coach Ivan T.,68,16,0,0,1,9:30 AM,10:00AM,Sun,Laguna - 20m Outdoor Pool,Laguna,Mini Fini 4 ( 24 - 42 months),Sun|Laguna - 20m Outdoor Pool|Mini Fini 4 ( 24 - 42 months)|9:30 AM,Sun|Laguna|Mini Fini 4 ( 24 - 42 months)|9:30 AM
2580,Swish! Aqua Studio - Outdoor Pool: Mini Fini 4 ( 24 - 42 months) with Coach Cal C.,61,16,0,0,2,10:00 AM,10:30AM,Mon,Aqua Studio - Outdoor Pool,Aqua Studio,Mini Fini 4 ( 24 - 42 months),Mon|Aqua Studio - Outdoor Pool|Mini Fini 4 ( 24 - 42 months)|10:00 AM,Mon|Aqua Studio|Mini Fini 4 ( 24 - 42 months)|10:00 AM
679,Swish! Hub - Sheltered Pool: Mini Fini 4 ( 24 - 42 months) with Coach Cal C.,17,16,0,0,2,4:30 PM,5:00PM,Mon,Hub - Sheltered Pool,Hub,Mini Fini 4 ( 24 - 42 months),Mon|Hub - Sheltered Pool|Mini Fini 4 ( 24 - 42 months)|4:30 PM,Mon|Hub|Mini Fini 4 ( 24 - 42 months)|4:30 PM
529,Swish! Aqua Studio - Outdoor Pool: Mini Fini 4 ( 24 - 42 months) with Coach Ryan L.,61,16,0,0,7,11:00 AM,11:30AM,Sat,Aqua Studio - Outdoor Pool,Aqua Studio,Mini Fini 4 ( 24 - 42 months),Sat|Aqua Studio - Outdoor Pool|Mini Fini 4 ( 24 - 42 months)|11:00 AM,Sat|Aqua Studio|Mini Fini 4 ( 24 - 42 months)|11:00 AM
527,Swish! Aqua Studio - Outdoor Pool: Mini Fini 4 ( 24 - 42 months) with Coach Ryan L.,61,16,0,0,7,9:30 AM,10:00AM,Sat,Aqua Studio - Outdoor Pool,Aqua Studio,Mini Fini 4 ( 24 - 42 months),Sat|Aqua Studio - Outdoor Pool|Mini Fini 4 ( 24 - 42 months)|9:30 AM,Sat|Aqua Studio|Mini Fini 4 ( 24 - 42 months)|9:30 AM
2371,Swish! Hub - Indoor Pool: Mini Fini 4 ( 24 - 42 months) with Coach Muhammad Danial B.,66,16,0,0,7,10:30 AM,11:00AM,Sat,Hub - Indoor Pool,Hub,Mini Fini 4 ( 24 - 42 months),Sat|Hub - Indoor Pool|Mini Fini 4 ( 24 - 42 months)|10:30 AM,Sat|Hub|Mini Fini 4 ( 24 - 42 months)|10:30 AM
677,Swish! Hub - Sheltered Pool: Mini Fini 4 ( 24 - 42 months) with Coach Caleb Y.,17,16,0,0,7,10:30 AM,11:00AM,Sat,Hub - Sheltered Pool,Hub,Mini Fini 4 ( 24 - 42 months),Sat|Hub - Sheltered Pool|Mini Fini 4 ( 24 - 42 months)|10:30 AM,Sat|Hub|Mini Fini 4 ( 24 - 42 months)|10:30 AM
2525,Swish! Hub - Sheltered Pool: Mini Fini 4 ( 24 - 42 months) with Coach Amelia F.,17,16,0,0,7,3:30 PM,4:00PM,Sat,Hub - Sheltered Pool,Hub,Mini Fini 4 ( 24 - 42 months),Sat|Hub - Sheltered Pool|Mini Fini 4 ( 24 - 42 months)|3:30 PM,Sat|Hub|Mini Fini 4 ( 24 - 42 months)|3:30 PM
2586,Swish! Hub - Sheltered Pool: Mini Fini 4 ( 24 - 42 months) with Coach Ryan L.,17,16,0,0,7,4:30 PM,5:00PM,Sat,Hub - Sheltered Pool,Hub,Mini Fini 4 ( 24 - 42 months),Sat|Hub - Sheltered Pool|Mini Fini 4 ( 24 - 42 months)|4:30 PM,Sat|Hub|Mini Fini 4 ( 24 - 42 months)|4:30 PM
657,Swish! Hub - Sheltered Pool: Mini Fini 4 ( 24 - 42 months) with Coach Amelia F.,17,16,0,0,7,5:00 PM,5:30PM,Sat,Hub - Sheltered Pool,Hub,Mini Fini 4 ( 24 - 42 months),Sat|Hub - Sheltered Pool|Mini Fini 4 ( 24 - 42 months)|5:00 PM,Sat|Hub|Mini Fini 4 ( 24 - 42 months)|5:00 PM
780,Swish! Laguna - 20m Outdoor Pool: Mini Fini 4 ( 24 - 42 months) with Coach Amelia F.,68,16,0,0,7,10:00 AM,10:30AM,Sat,Laguna - 20m Outdoor Pool,Laguna,Mini Fini 4 ( 24 - 42 months),Sat|Laguna - 20m Outdoor Pool|Mini Fini 4 ( 24 - 42 months)|10:00 AM,Sat|Laguna|Mini Fini 4 ( 24 - 42 months)|10:00 AM
900,Swish! Laguna - 20m Outdoor Pool: Mini Fini 4 ( 24 - 42 months) with Coach Shar P.,68,16,0,0,7,9:00 AM,9:30AM,Sat,Laguna - 20m Outdoor Pool,Laguna,Mini Fini 4 ( 24 - 42 months),Sat|Laguna - 20m Outdoor Pool|Mini Fini 4 ( 24 - 42 months)|9:00 AM,Sat|Laguna|Mini Fini 4 ( 24 - 42 months)|9:00 AM
3032,Swish! Hub - Indoor Pool: Bubble Fini with Coach Ryan L.,66,4,4,0,1,8:30 AM,9:00AM,Sun,Hub - Indoor Pool,Hub,Bubble Fini,Sun|Hub - Indoor Pool|Bubble Fini|8:30 AM,Sun|Hub|Bubble Fini|8:30 AM
2759,Swish! Laguna - 20m Outdoor Pool: Bubble Fini with Coach Ivan T.,68,4,4,0,1,3:00 PM,3:30PM,Sun,Laguna - 20m Outdoor Pool,Laguna,Bubble Fini,Sun|Laguna - 20m Outdoor Pool|Bubble Fini|3:00 PM,Sun|Laguna|Bubble Fini|3:00 PM
2509,Swish! Hub - Sheltered Pool: Bubble Fini with Coach Amelia F.,17,4,3,0,1,11:00 AM,11:30AM,Sun,Hub - Sheltered Pool,Hub,Bubble Fini,Sun|Hub - Sheltered Pool|Bubble Fini|11:00 AM,Sun|Hub|Bubble Fini|11:00 AM
2792,Swish! Laguna - 20m Outdoor Pool: Bubble Fini with Coach Daphne S.,68,4,3,0,3,3:30 PM,4:00PM,Tue,Laguna - 20m Outdoor Pool,Laguna,Bubble Fini,Tue|Laguna - 20m Outdoor Pool|Bubble Fini|3:30 PM,Tue|Laguna|Bubble Fini|3:30 PM
2528,Swish! Laguna - 20m Outdoor Pool: Bubble Fini with Coach Ivan T.,68,4,3,0,7,8:30 AM,9:00AM,Sat,Laguna - 20m Outdoor Pool,Laguna,Bubble Fini,Sat|Laguna - 20m Outdoor Pool|Bubble Fini|8:30 AM,Sat|Laguna|Bubble Fini|8:30 AM
622,Swish! Hub - Sheltered Pool: Bubble Fini with Coach Cal C.,17,4,0,0,1,10:30 AM,11:00AM,Sun,Hub - Sheltered Pool,Hub,Bubble Fini,Sun|Hub - Sheltered Pool|Bubble Fini|10:30 AM,Sun|Hub|Bubble Fini|10:30 AM
930,Swish! Hub - Sheltered Pool: Bubble Fini with Coach Cal C.,17,4,0,0,1,4:30 PM,5:00PM,Sun,Hub - Sheltered Pool,Hub,Bubble Fini,Sun|Hub - Sheltered Pool|Bubble Fini|4:30 PM,Sun|Hub|Bubble Fini|4:30 PM
751,Swish! Laguna - 20m Outdoor Pool: Bubble Fini with Coach Shar P.,68,4,0,0,7,10:30 AM,11:00AM,Sat,Laguna - 20m Outdoor Pool,Laguna,Bubble Fini,Sat|Laguna - 20m Outdoor Pool|Bubble Fini|10:30 AM,Sat|Laguna|Bubble Fini|10:30 AM
886,Swish! Aqua Studio - Outdoor Pool: Rocket Fini with Coach Nusaibah Sajiah B.,61,7,4,0,1,10:30 AM,11:00AM,Sun,Aqua Studio - Outdoor Pool,Aqua Studio,Rocket Fini,Sun|Aqua Studio - Outdoor Pool|Rocket Fini|10:30 AM,Sun|Aqua Studio|Rocket Fini|10:30 AM
3230,Swish! Laguna - 20m Outdoor Pool: Rocket Fini with Coach Ameer B.,68,7,4,0,1,9:00 AM,9:30AM,Sun,Laguna - 20m Outdoor Pool,Laguna,Rocket Fini,Sun|Laguna - 20m Outdoor Pool|Rocket Fini|9:00 AM,Sun|Laguna|Rocket Fini|9:00 AM
2464,Swish! Aqua Studio - Outdoor Pool: Stress Less with Coach Amelia F.,61,19,3,0,1,2:30 PM,3:00PM,Sun,Aqua Studio - Outdoor Pool,Aqua Studio,Stress Less,Sun|Aqua Studio - Outdoor Pool|Stress Less|2:30 PM,Sun|Aqua Studio|Stress Less|2:30 PM
3205,Swish! Laguna - 20m Outdoor Pool: Stress Less with Coach Cal C.,68,19,3,0,4,4:00 PM,4:30PM,Wed,Laguna - 20m Outdoor Pool,Laguna,Stress Less,Wed|Laguna - 20m Outdoor Pool|Stress Less|4:00 PM,Wed|Laguna|Stress Less|4:00 PM
3229,Swish! Laguna - 20m Outdoor Pool: Stress Less with Coach Shar P.,68,19,3,0,7,11:00 AM,11:30AM,Sat,Laguna - 20m Outdoor Pool,Laguna,Stress Less,Sat|Laguna - 20m Outdoor Pool|Stress Less|11:00 AM,Sat|Laguna|Stress Less|11:00 AM
2998,Swish! Laguna - 20m Outdoor Pool: Stress Less with Coach Ivan T.,68,19,2,0,1,2:00 PM,2:30PM,Sun,Laguna - 20m Outdoor Pool,Laguna,Stress Less,Sun|Laguna - 20m Outdoor Pool|Stress Less|2:00 PM,Sun|Laguna|Stress Less|2:00 PM
3034,Swish! Laguna - 20m Outdoor Pool: Stress Less with Coach Ryan L.,68,19,1,0,3,5:30 PM,6:00PM,Tue,Laguna - 20m Outdoor Pool,Laguna,Stress Less,Tue|Laguna - 20m Outdoor Pool|Stress Less|5:30 PM,Tue|Laguna|Stress Less|5:30 PM
2836,Swish! Aqua Studio - Outdoor Pool: Stress Less with Coach Ian W.,61,19,0,0,7,10:30 AM,11:00AM,Sat,Aqua Studio - Outdoor Pool,Aqua Studio,Stress Less,Sat|Aqua Studio - Outdoor Pool|Stress Less|10:30 AM,Sat|Aqua Studio|Stress Less|10:30 AM
3241,Swish! Laguna - 20m Outdoor Pool: Zuma Beginner 1 with Coach Ameer B.,68,17,3,0,1,8:30 AM,9:00AM,Sun,Laguna - 20m Outdoor Pool,Laguna,Zuma Beginner 1,Sun|Laguna - 20m Outdoor Pool|Zuma Beginner 1|8:30 AM,Sun|Laguna|Zuma Beginner 1|8:30 AM
2785,Swish! Hub - Sheltered Pool: Zuma Beginner 1 with Coach Caleb Y.,17,17,3,0,7,12:00 PM,12:30PM,Sat,Hub - Sheltered Pool,Hub,Zuma Beginner 1,Sat|Hub - Sheltered Pool|Zuma Beginner 1|12:00 PM,Sat|Hub|Zuma Beginner 1|12:00 PM
3243,Swish! Laguna - 20m Outdoor Pool: Zuma Beginner 1 with Coach Imam R.,68,17,2,0,1,2:30 PM,3:00PM,Sun,Laguna - 20m Outdoor Pool,Laguna,Zuma Beginner 1,Sun|Laguna - 20m Outdoor Pool|Zuma Beginner 1|2:30 PM,Sun|Laguna|Zuma Beginner 1|2:30 PM
3234,Swish! Hub - Sheltered Pool: Zuma Beginner 1 with Coach Joey Y.,17,17,2,0,3,4:30 PM,5:00PM,Tue,Hub - Sheltered Pool,Hub,Zuma Beginner 1,Tue|Hub - Sheltered Pool|Zuma Beginner 1|4:30 PM,Tue|Hub|Zuma Beginner 1|4:30 PM
2670,Swish! Laguna - 20m Outdoor Pool: Zuma Beginner 1 with Coach Cal C.,68,17,2,0,4,3:30 PM,4:00PM,Wed,Laguna - 20m Outdoor Pool,Laguna,Zuma Beginner 1,Wed|Laguna - 20m Outdoor Pool|Zuma Beginner 1|3:30 PM,Wed|Laguna|Zuma Beginner 1|3:30 PM
3249,Swish! Aqua Studio - Outdoor Pool: Zuma Beginner 1 with Coach Muhammad Danial B.,61,17,2,0,6,4:30 PM,5:00PM,Fri,Aqua Studio - Outdoor Pool,Aqua Studio,Zuma Beginner 1,Fri|Aqua Studio - Outdoor Pool|Zuma Beginner 1|4:30 PM,Fri|Aqua Studio|Zuma Beginner 1|4:30 PM
2777,Swish! Aqua Studio - Outdoor Pool: Zuma Beginner 1 with Coach Ryan L.,61,17,2,0,7,8:00 AM,8:30AM,Sat,Aqua Studio - Outdoor Pool,Aqua Studio,Zuma Beginner 1,Sat|Aqua Studio - Outdoor Pool|Zuma Beginner 1|8:00 AM,Sat|Aqua Studio|Zuma Beginner 1|8:00 AM
2518,Swish! Hub - Sheltered Pool: Zuma Beginner 1 with Coach Amelia F.,17,17,2,0,7,2:00 PM,2:30PM,Sat,Hub - Sheltered Pool,Hub,Zuma Beginner 1,Sat|Hub - Sheltered Pool|Zuma Beginner 1|2:00 PM,Sat|Hub|Zuma Beginner 1|2:00 PM
2653,Swish! Laguna - 20m Outdoor Pool: Zuma Beginner 1 with Coach Ivan T.,68,17,2,0,7,11:30 AM,12:00PM,Sat,Laguna - 20m Outdoor Pool,Laguna,Zuma Beginner 1,Sat|Laguna - 20m Outdoor Pool|Zuma Beginner 1|11:30 AM,Sat|Laguna|Zuma Beginner 1|11:30 AM
2732,Swish! Aqua Studio - Outdoor Pool: Zuma Beginner 1 with Coach Amelia F.,61,17,1,0,1,3:00 PM,3:30PM,Sun,Aqua Studio - Outdoor Pool,Aqua Studio,Zuma Beginner 1,Sun|Aqua Studio - Outdoor Pool|Zuma Beginner 1|3:00 PM,Sun|Aqua Studio|Zuma Beginner 1|3:00 PM
2397,Swish! Hub - Sheltered Pool: Zuma Beginner 1 with Coach Amelia F.,17,17,1,0,1,8:00 AM,8:30AM,Sun,Hub - Sheltered Pool,Hub,Zuma Beginner 1,Sun|Hub - Sheltered Pool|Zuma Beginner 1|8:00 AM,Sun|Hub|Zuma Beginner 1|8:00 AM
711,Swish! Laguna - 20m Outdoor Pool: Zuma Beginner 1 with Coach Cal C.,68,17,1,0,4,4:30 PM,5:00PM,Wed,Laguna - 20m Outdoor Pool,Laguna,Zuma Beginner 1,Wed|Laguna - 20m Outdoor Pool|Zuma Beginner 1|4:30 PM,Wed|Laguna|Zuma Beginner 1|4:30 PM
2325,Swish! Laguna - 20m Outdoor Pool: Zuma Beginner 1 with Coach Ryan L.,68,17,1,0,4,5:30 PM,6:00PM,Wed,Laguna - 20m Outdoor Pool,Laguna,Zuma Beginner 1,Wed|Laguna - 20m Outdoor Pool|Zuma Beginner 1|5:30 PM,Wed|Laguna|Zuma Beginner 1|5:30 PM
2786,Swish! Hub - Sheltered Pool: Zuma Beginner 1 with Coach Ernest K.,17,17,1,0,5,4:30 PM,5:00PM,Thu,Hub - Sheltered Pool,Hub,Zuma Beginner 1,Thu|Hub - Sheltered Pool|Zuma Beginner 1|4:30 PM,Thu|Hub|Zuma Beginner 1|4:30 PM
2373,Swish! Hub - Indoor Pool: Zuma Beginner 1 with Coach Muhammad Danial B.,66,17,1,0,7,11:30 AM,12:00PM,Sat,Hub - Indoor Pool,Hub,Zuma Beginner 1,Sat|Hub - Indoor Pool|Zuma Beginner 1|11:30 AM,Sat|Hub|Zuma Beginner 1|11:30 AM
708,Swish! Hub - Sheltered Pool: Zuma Beginner 1 with Coach Ernest K.,17,17,1,0,7,11:30 AM,12:00PM,Sat,Hub - Sheltered Pool,Hub,Zuma Beginner 1,Sat|Hub - Sheltered Pool|Zuma Beginner 1|11:30 AM,Sat|Hub|Zuma Beginner 1|11:30 AM
3060,Swish! Hub - Sheltered Pool: Zuma Beginner 1 with Coach Ryan L.,17,17,1,0,7,2:00 PM,2:30PM,Sat,Hub - Sheltered Pool,Hub,Zuma Beginner 1,Sat|Hub - Sheltered Pool|Zuma Beginner 1|2:00 PM,Sat|Hub|Zuma Beginner 1|2:00 PM
680,Swish! Hub - Sheltered Pool: Zuma Beginner 1 with Coach Amelia F.,17,17,1,0,7,2:30 PM,3:00PM,Sat,Hub - Sheltered Pool,Hub,Zuma Beginner 1,Sat|Hub - Sheltered Pool|Zuma Beginner 1|2:30 PM,Sat|Hub|Zuma Beginner 1|2:30 PM
2522,Swish! Hub - Sheltered Pool: Zuma Beginner 1 with Coach Amelia F.,17,17,1,0,7,4:30 PM,5:00PM,Sat,Hub - Sheltered Pool,Hub,Zuma Beginner 1,Sat|Hub - Sheltered Pool|Zuma Beginner 1|4:30 PM,Sat|Hub|Zuma Beginner 1|4:30 PM
524,Swish! Aqua Studio - Outdoor Pool: Zuma Beginner 1 with Coach Nusaibah Sajiah B.,61,17,0,0,1,10:00 AM,10:30AM,Sun,Aqua Studio - Outdoor Pool,Aqua Studio,Zuma Beginner 1,Sun|Aqua Studio - Outdoor Pool|Zuma Beginner 1|10:00 AM,Sun|Aqua Studio|Zuma Beginner 1|10:00 AM
3046,Swish! Aqua Studio - Outdoor Pool: Zuma Beginner 1 with Coach Amelia F.,61,17,0,0,1,2:00 PM,2:30PM,Sun,Aqua Studio - Outdoor Pool,Aqua Studio,Zuma Beginner 1,Sun|Aqua Studio - Outdoor Pool|Zuma Beginner 1|2:00 PM,Sun|Aqua Studio|Zuma Beginner 1|2:00 PM
2383,Swish! Hub - Indoor Pool: Zuma Beginner 1 with Coach Ryan L.,66,17,0,0,1,11:30 AM,12:00PM,Sun,Hub - Indoor Pool,Hub,Zuma Beginner 1,Sun|Hub - Indoor Pool|Zuma Beginner 1|11:30 AM,Sun|Hub|Zuma Beginner 1|11:30 AM
3114,Swish! Hub - Indoor Pool: Zuma Beginner 1 with Coach Ryan L.,66,17,0,0,1,12:00 PM,12:30PM,Sun,Hub - Indoor Pool,Hub,Zuma Beginner 1,Sun|Hub - Indoor Pool|Zuma Beginner 1|12:00 PM,Sun|Hub|Zuma Beginner 1|12:00 PM
2797,Swish! Hub - Indoor Pool: Zuma Beginner 1 with Coach Trisha N.,66,17,0,0,1,2:30 PM,3:00PM,Sun,Hub - Indoor Pool,Hub,Zuma Beginner 1,Sun|Hub - Indoor Pool|Zuma Beginner 1|2:30 PM,Sun|Hub|Zuma Beginner 1|2:30 PM
2686,Swish! Hub - Indoor Pool: Zuma Beginner 1 with Coach Caleb Y.,66,17,0,0,1,9:30 AM,10:00AM,Sun,Hub - Indoor Pool,Hub,Zuma Beginner 1,Sun|Hub - Indoor Pool|Zuma Beginner 1|9:30 AM,Sun|Hub|Zuma Beginner 1|9:30 AM
621,Swish! Hub - Sheltered Pool: Zuma Beginner 1 with Coach Cal C.,17,17,0,0,1,10:00 AM,10:30AM,Sun,Hub - Sheltered Pool,Hub,Zuma Beginner 1,Sun|Hub - Sheltered Pool|Zuma Beginner 1|10:00 AM,Sun|Hub|Zuma Beginner 1|10:00 AM
992,Swish! Hub - Sheltered Pool: Zuma Beginner 1 with Coach Cal C.,17,17,0,0,1,3:30 PM,4:00PM,Sun,Hub - Sheltered Pool,Hub,Zuma Beginner 1,Sun|Hub - Sheltered Pool|Zuma Beginner 1|3:30 PM,Sun|Hub|Zuma Beginner 1|3:30 PM
735,Swish! Hub - Sheltered Pool: Zuma Beginner 1 with Coach Shannon T.,17,17,0,0,1,4:30 PM,5:00PM,Sun,Hub - Sheltered Pool,Hub,Zuma Beginner 1,Sun|Hub - Sheltered Pool|Zuma Beginner 1|4:30 PM,Sun|Hub|Zuma Beginner 1|4:30 PM
3213,Swish! Laguna - 20m Outdoor Pool: Zuma Beginner 1 with Coach Ameer B.,68,17,0,0,1,10:00 AM,10:30AM,Sun,Laguna - 20m Outdoor Pool,Laguna,Zuma Beginner 1,Sun|Laguna - 20m Outdoor Pool|Zuma Beginner 1|10:00 AM,Sun|Laguna|Zuma Beginner 1|10:00 AM
2933,Swish! Laguna - 20m Outdoor Pool: Zuma Beginner 1 with Coach Imam R.,68,17,0,0,1,10:30 AM,11:00AM,Sun,Laguna - 20m Outdoor Pool,Laguna,Zuma Beginner 1,Sun|Laguna - 20m Outdoor Pool|Zuma Beginner 1|10:30 AM,Sun|Laguna|Zuma Beginner 1|10:30 AM
3108,Swish! Hub - Sheltered Pool: Zuma Beginner 1 with Coach Ryan L.,17,17,0,0,2,4:30 PM,5:00PM,Mon,Hub - Sheltered Pool,Hub,Zuma Beginner 1,Mon|Hub - Sheltered Pool|Zuma Beginner 1|4:30 PM,Mon|Hub|Zuma Beginner 1|4:30 PM
2887,Swish! Hub - Sheltered Pool: Zuma Beginner 1 with Coach Cal C.,17,17,0,0,2,5:30 PM,6:00PM,Mon,Hub - Sheltered Pool,Hub,Zuma Beginner 1,Mon|Hub - Sheltered Pool|Zuma Beginner 1|5:30 PM,Mon|Hub|Zuma Beginner 1|5:30 PM
887,Swish! Hub - Sheltered Pool: Zuma Beginner 1 with Coach Joey Y.,17,17,0,0,3,3:30 PM,4:00PM,Tue,Hub - Sheltered Pool,Hub,Zuma Beginner 1,Tue|Hub - Sheltered Pool|Zuma Beginner 1|3:30 PM,Tue|Hub|Zuma Beginner 1|3:30 PM
3112,Swish! Hub - Sheltered Pool: Zuma Beginner 1 with Coach Amelia F.,17,17,0,0,5,5:30 PM,6:00PM,Thu,Hub - Sheltered Pool,Hub,Zuma Beginner 1,Thu|Hub - Sheltered Pool|Zuma Beginner 1|5:30 PM,Thu|Hub|Zuma Beginner 1|5:30 PM
545,Swish! Aqua Studio - Outdoor Pool: Zuma Beginner 1 with Coach Ryan L.,61,17,0,0,7,10:00 AM,10:30AM,Sat,Aqua Studio - Outdoor Pool,Aqua Studio,Zuma Beginner 1,Sat|Aqua Studio - Outdoor Pool|Zuma Beginner 1|10:00 AM,Sat|Aqua Studio|Zuma Beginner 1|10:00 AM
3097,Swish! Aqua Studio - Outdoor Pool: Zuma Beginner 1 with Coach Ian W.,61,17,0,0,7,11:00 AM,11:30AM,Sat,Aqua Studio - Outdoor Pool,Aqua Studio,Zuma Beginner 1,Sat|Aqua Studio - Outdoor Pool|Zuma Beginner 1|11:00 AM,Sat|Aqua Studio|Zuma Beginner 1|11:00 AM
2370,Swish! Hub - Indoor Pool: Zuma Beginner 1 with Coach Muhammad Danial B.,66,17,0,0,7,10:00 AM,10:30AM,Sat,Hub - Indoor Pool,Hub,Zuma Beginner 1,Sat|Hub - Indoor Pool|Zuma Beginner 1|10:00 AM,Sat|Hub|Zuma Beginner 1|10:00 AM
2531,Swish! Laguna - 20m Outdoor Pool: Zuma Beginner 1 with Coach Ivan T.,68,17,0,0,7,10:30 AM,11:00AM,Sat,Laguna - 20m Outdoor Pool,Laguna,Zuma Beginner 1,Sat|Laguna - 20m Outdoor Pool|Zuma Beginner 1|10:30 AM,Sat|Laguna|Zuma Beginner 1|10:30 AM
2758,Swish! Laguna - 20m Outdoor Pool: Zuma Beginner 1 with Coach Joey Y.,68,17,0,0,7,10:30 AM,11:00AM,Sat,Laguna - 20m Outdoor Pool,Laguna,Zuma Beginner 1,Sat|Laguna - 20m Outdoor Pool|Zuma Beginner 1|10:30 AM,Sat|Laguna|Zuma Beginner 1|10:30 AM
2532,Swish! Laguna - 20m Outdoor Pool: Zuma Beginner 1 with Coach Ivan T.,68,17,0,0,7,11:00 AM,11:30AM,Sat,Laguna - 20m Outdoor Pool,Laguna,Zuma Beginner 1,Sat|Laguna - 20m Outdoor Pool|Zuma Beginner 1|11:00 AM,Sat|Laguna|Zuma Beginner 1|11:00 AM
901,Swish! Laguna - 20m Outdoor Pool: Zuma Beginner 1 with Coach Amelia F.,68,17,0,0,7,9:00 AM,9:30AM,Sat,Laguna - 20m Outdoor Pool,Laguna,Zuma Beginner 1,Sat|Laguna - 20m Outdoor Pool|Zuma Beginner 1|9:00 AM,Sat|Laguna|Zuma Beginner 1|9:00 AM
938,Swish! Laguna - 20m Outdoor Pool: Zuma Beginner 1 with Coach Joey Y.,68,17,0,0,7,9:00 AM,9:30AM,Sat,Laguna - 20m Outdoor Pool,Laguna,Zuma Beginner 1,Sat|Laguna - 20m Outdoor Pool|Zuma Beginner 1|9:00 AM,Sat|Laguna|Zuma Beginner 1|9:00 AM
2770,Swish! Hub - Indoor Pool: Zuma Beginner 2 with Coach Caleb Y.,66,18,4,0,1,11:30 AM,12:00PM,Sun,Hub - Indoor Pool,Hub,Zuma Beginner 2,Sun|Hub - Indoor Pool|Zuma Beginner 2|11:30 AM,Sun|Hub|Zuma Beginner 2|11:30 AM
1002,Swish! Hub - Sheltered Pool: Zuma Beginner 2 with Coach Shannon T.,17,18,3,0,1,3:30 PM,4:00PM,Sun,Hub - Sheltered Pool,Hub,Zuma Beginner 2,Sun|Hub - Sheltered Pool|Zuma Beginner 2|3:30 PM,Sun|Hub|Zuma Beginner 2|3:30 PM
718,Swish! Hub - Sheltered Pool: Zuma Beginner 2 with Coach Ryan L.,17,18,3,0,2,4:00 PM,4:30PM,Mon,Hub - Sheltered Pool,Hub,Zuma Beginner 2,Mon|Hub - Sheltered Pool|Zuma Beginner 2|4:00 PM,Mon|Hub|Zuma Beginner 2|4:00 PM
550,Swish! Aqua Studio - Outdoor Pool: Zuma Beginner 2 with Coach Nusaibah Sajiah B.,61,18,2,0,1,11:00 AM,11:30AM,Sun,Aqua Studio - Outdoor Pool,Aqua Studio,Zuma Beginner 2,Sun|Aqua Studio - Outdoor Pool|Zuma Beginner 2|11:00 AM,Sun|Aqua Studio|Zuma Beginner 2|11:00 AM
531,Swish! Aqua Studio - Outdoor Pool: Zuma Beginner 2 with Coach Amelia F.,61,18,2,0,1,5:00 PM,5:30PM,Sun,Aqua Studio - Outdoor Pool,Aqua Studio,Zuma Beginner 2,Sun|Aqua Studio - Outdoor Pool|Zuma Beginner 2|5:00 PM,Sun|Aqua Studio|Zuma Beginner 2|5:00 PM
2601,Swish! Hub - Sheltered Pool: Zuma Beginner 2 with Coach Cal C.,17,18,2,0,2,4:00 PM,4:30PM,Mon,Hub - Sheltered Pool,Hub,Zuma Beginner 2,Mon|Hub - Sheltered Pool|Zuma Beginner 2|4:00 PM,Mon|Hub|Zuma Beginner 2|4:00 PM
2795,Swish! Hub - Indoor Pool: Zuma Beginner 2 with Coach Trisha N.,66,18,1,0,1,4:00 PM,4:30PM,Sun,Hub - Indoor Pool,Hub,Zuma Beginner 2,Sun|Hub - Indoor Pool|Zuma Beginner 2|4:00 PM,Sun|Hub|Zuma Beginner 2|4:00 PM
623,Swish! Hub - Sheltered Pool: Zuma Beginner 2 with Coach Cal C.,17,18,1,0,1,3:00 PM,3:30PM,Sun,Hub - Sheltered Pool,Hub,Zuma Beginner 2,Sun|Hub - Sheltered Pool|Zuma Beginner 2|3:00 PM,Sun|Hub|Zuma Beginner 2|3:00 PM
3214,Swish! Laguna - 20m Outdoor Pool: Zuma Beginner 2 with Coach Ameer B.,68,18,1,0,1,10:30 AM,11:00AM,Sun,Laguna - 20m Outdoor Pool,Laguna,Zuma Beginner 2,Sun|Laguna - 20m Outdoor Pool|Zuma Beginner 2|10:30 AM,Sun|Laguna|Zuma Beginner 2|10:30 AM
804,Swish! Laguna - 20m Outdoor Pool: Zuma Beginner 2 with Coach Ivan T.,68,18,1,0,1,11:30 AM,12:00PM,Sun,Laguna - 20m Outdoor Pool,Laguna,Zuma Beginner 2,Sun|Laguna - 20m Outdoor Pool|Zuma Beginner 2|11:30 AM,Sun|Laguna|Zuma Beginner 2|11:30 AM
2718,Swish! Laguna - 20m Outdoor Pool: Zuma Beginner 2 with Coach Imam R.,68,18,1,0,1,2:00 PM,2:30PM,Sun,Laguna - 20m Outdoor Pool,Laguna,Zuma Beginner 2,Sun|Laguna - 20m Outdoor Pool|Zuma Beginner 2|2:00 PM,Sun|Laguna|Zuma Beginner 2|2:00 PM
703,Swish! Hub - Sheltered Pool: Zuma Beginner 2 with Coach Joey Y.,17,18,1,0,3,5:00 PM,5:30PM,Tue,Hub - Sheltered Pool,Hub,Zuma Beginner 2,Tue|Hub - Sheltered Pool|Zuma Beginner 2|5:00 PM,Tue|Hub|Zuma Beginner 2|5:00 PM
3176,Swish! Hub - Sheltered Pool: Zuma Beginner 2 with Coach Ernest K.,17,18,1,0,5,4:00 PM,4:30PM,Thu,Hub - Sheltered Pool,Hub,Zuma Beginner 2,Thu|Hub - Sheltered Pool|Zuma Beginner 2|4:00 PM,Thu|Hub|Zuma Beginner 2|4:00 PM
739,Swish! Hub - Sheltered Pool: Zuma Beginner 2 with Coach Ernest K.,17,18,1,0,7,10:00 AM,10:30AM,Sat,Hub - Sheltered Pool,Hub,Zuma Beginner 2,Sat|Hub - Sheltered Pool|Zuma Beginner 2|10:00 AM,Sat|Hub|Zuma Beginner 2|10:00 AM
918,Swish! Laguna - 20m Outdoor Pool: Zuma Beginner 2 with Coach Amelia F.,68,18,1,0,7,11:00 AM,11:30AM,Sat,Laguna - 20m Outdoor Pool,Laguna,Zuma Beginner 2,Sat|Laguna - 20m Outdoor Pool|Zuma Beginner 2|11:00 AM,Sat|Laguna|Zuma Beginner 2|11:00 AM
2730,Swish! Laguna - 20m Outdoor Pool: Zuma Beginner 2 with Coach Shar P.,68,18,1,0,7,8:00 AM,8:30AM,Sat,Laguna - 20m Outdoor Pool,Laguna,Zuma Beginner 2,Sat|Laguna - 20m Outdoor Pool|Zuma Beginner 2|8:00 AM,Sat|Laguna|Zuma Beginner 2|8:00 AM
3019,Swish! Laguna - 20m Outdoor Pool: Zuma Beginner 2 with Coach Amelia F.,68,18,1,0,7,8:30 AM,9:00AM,Sat,Laguna - 20m Outdoor Pool,Laguna,Zuma Beginner 2,Sat|Laguna - 20m Outdoor Pool|Zuma Beginner 2|8:30 AM,Sat|Laguna|Zuma Beginner 2|8:30 AM
734,Swish! Hub - Sheltered Pool: Zuma Beginner 2 with Coach Amelia F.,17,18,0,0,1,10:30 AM,11:00AM,Sun,Hub - Sheltered Pool,Hub,Zuma Beginner 2,Sun|Hub - Sheltered Pool|Zuma Beginner 2|10:30 AM,Sun|Hub|Zuma Beginner 2|10:30 AM
654,Swish! Hub - Sheltered Pool: Zuma Beginner 2 with Coach Cal C.,17,18,0,0,1,12:00 PM,12:30PM,Sun,Hub - Sheltered Pool,Hub,Zuma Beginner 2,Sun|Hub - Sheltered Pool|Zuma Beginner 2|12:00 PM,Sun|Hub|Zuma Beginner 2|12:00 PM
994,Swish! Hub - Sheltered Pool: Zuma Beginner 2 with Coach Amelia F.,17,18,0,0,1,9:00 AM,9:30AM,Sun,Hub - Sheltered Pool,Hub,Zuma Beginner 2,Sun|Hub - Sheltered Pool|Zuma Beginner 2|9:00 AM,Sun|Hub|Zuma Beginner 2|9:00 AM
2657,Swish! Laguna - 20m Outdoor Pool: Zuma Beginner 2 with Coach Ivan T.,68,18,0,0,1,8:30 AM,9:00AM,Sun,Laguna - 20m Outdoor Pool,Laguna,Zuma Beginner 2,Sun|Laguna - 20m Outdoor Pool|Zuma Beginner 2|8:30 AM,Sun|Laguna|Zuma Beginner 2|8:30 AM
806,Swish! Laguna - 20m Outdoor Pool: Zuma Beginner 2 with Coach Imam R.,68,18,0,0,1,9:30 AM,10:00AM,Sun,Laguna - 20m Outdoor Pool,Laguna,Zuma Beginner 2,Sun|Laguna - 20m Outdoor Pool|Zuma Beginner 2|9:30 AM,Sun|Laguna|Zuma Beginner 2|9:30 AM
3050,Swish! Laguna - 20m Outdoor Pool: Zuma Beginner 2 with Coach Ryan L.,68,18,0,0,3,4:00 PM,4:30PM,Tue,Laguna - 20m Outdoor Pool,Laguna,Zuma Beginner 2,Tue|Laguna - 20m Outdoor Pool|Zuma Beginner 2|4:00 PM,Tue|Laguna|Zuma Beginner 2|4:00 PM
2206,Swish! Laguna - 20m Outdoor Pool: Zuma Beginner 2 with Coach Ryan L.,68,18,0,0,4,5:00 PM,5:30PM,Wed,Laguna - 20m Outdoor Pool,Laguna,Zuma Beginner 2,Wed|Laguna - 20m Outdoor Pool|Zuma Beginner 2|5:00 PM,Wed|Laguna|Zuma Beginner 2|5:00 PM
3045,Swish! Hub - Sheltered Pool: Zuma Beginner 2 with Coach Amelia F.,17,18,0,0,5,4:30 PM,5:00PM,Thu,Hub - Sheltered Pool,Hub,Zuma Beginner 2,Thu|Hub - Sheltered Pool|Zuma Beginner 2|4:30 PM,Thu|Hub|Zuma Beginner 2|4:30 PM
3029,Swish! Aqua Studio - Outdoor Pool: Zuma Beginner 2 with Coach Ryan L.,61,18,0,0,7,11:30 AM,12:00PM,Sat,Aqua Studio - Outdoor Pool,Aqua Studio,Zuma Beginner 2,Sat|Aqua Studio - Outdoor Pool|Zuma Beginner 2|11:30 AM,Sat|Aqua Studio|Zuma Beginner 2|11:30 AM
2369,Swish! Hub - Indoor Pool: Zuma Beginner 2 with Coach Muhammad Danial B.,66,18,0,0,7,9:00 AM,9:30AM,Sat,Hub - Indoor Pool,Hub,Zuma Beginner 2,Sat|Hub - Indoor Pool|Zuma Beginner 2|9:00 AM,Sat|Hub|Zuma Beginner 2|9:00 AM
720,Swish! Hub - Sheltered Pool: Zuma Beginner 2 with Coach Ryan L.,17,18,0,0,7,2:30 PM,3:00PM,Sat,Hub - Sheltered Pool,Hub,Zuma Beginner 2,Sat|Hub - Sheltered Pool|Zuma Beginner 2|2:30 PM,Sat|Hub|Zuma Beginner 2|2:30 PM
699,Swish! Hub - Sheltered Pool: Zuma Beginner 2 with Coach Ryan L.,17,18,0,0,7,5:30 PM,6:00PM,Sat,Hub - Sheltered Pool,Hub,Zuma Beginner 2,Sat|Hub - Sheltered Pool|Zuma Beginner 2|5:30 PM,Sat|Hub|Zuma Beginner 2|5:30 PM
915,Swish! Laguna - 20m Outdoor Pool: Zuma Beginner 2 with Coach Joey Y.,68,18,0,0,7,11:00 AM,11:30AM,Sat,Laguna - 20m Outdoor Pool,Laguna,Zuma Beginner 2,Sat|Laguna - 20m Outdoor Pool|Zuma Beginner 2|11:00 AM,Sat|Laguna|Zuma Beginner 2|11:00 AM
790,Swish! Laguna - 20m Outdoor Pool: Zuma Beginner 2 with Coach Amelia F.,68,18,0,0,7,11:30 AM,12:00PM,Sat,Laguna - 20m Outdoor Pool,Laguna,Zuma Beginner 2,Sat|Laguna - 20m Outdoor Pool|Zuma Beginner 2|11:30 AM,Sat|Laguna|Zuma Beginner 2|11:30 AM
2428,Swish! Laguna - 20m Outdoor Pool: Zuma Beginner 2 with Coach Ivan T.,68,18,0,0,7,2:00 PM,2:30PM,Sat,Laguna - 20m Outdoor Pool,Laguna,Zuma Beginner 2,Sat|Laguna - 20m Outdoor Pool|Zuma Beginner 2|2:00 PM,Sat|Laguna|Zuma Beginner 2|2:00 PM
899,Swish! Laguna - 20m Outdoor Pool: Zuma Beginner 2 with Coach Shar P.,68,18,0,0,7,3:30 PM,4:00PM,Sat,Laguna - 20m Outdoor Pool,Laguna,Zuma Beginner 2,Sat|Laguna - 20m Outdoor Pool|Zuma Beginner 2|3:30 PM,Sat|Laguna|Zuma Beginner 2|3:30 PM
2816,Swish! Laguna - 20m Outdoor Pool: Zuma Beginner 2 with Coach Ivan T.,68,18,0,0,7,4:30 PM,5:00PM,Sat,Laguna - 20m Outdoor Pool,Laguna,Zuma Beginner 2,Sat|Laguna - 20m Outdoor Pool|Zuma Beginner 2|4:30 PM,Sat|Laguna|Zuma Beginner 2|4:30 PM
2529,Swish! Laguna - 20m Outdoor Pool: Zuma Beginner 2 with Coach Ivan T.,68,18,0,0,7,9:00 AM,9:30AM,Sat,Laguna - 20m Outdoor Pool,Laguna,Zuma Beginner 2,Sat|Laguna - 20m Outdoor Pool|Zuma Beginner 2|9:00 AM,Sat|Laguna|Zuma Beginner 2|9:00 AM
3238,Swish! Laguna - 20m Outdoor Pool: Zuma Paddler with Coach Ameer B.,68,9,4,0,1,11:00 AM,11:30AM,Sun,Laguna - 20m Outdoor Pool,Laguna,Zuma Paddler,Sun|Laguna - 20m Outdoor Pool|Zuma Paddler|11:00 AM,Sun|Laguna|Zuma Paddler|11:00 AM
3056,Swish! Hub - Sheltered Pool: Zuma Paddler with Coach Ryan L.,17,9,4,0,2,3:30 PM,4:00PM,Mon,Hub - Sheltered Pool,Hub,Zuma Paddler,Mon|Hub - Sheltered Pool|Zuma Paddler|3:30 PM,Mon|Hub|Zuma Paddler|3:30 PM
3251,Swish! Aqua Studio - Outdoor Pool: Zuma Paddler with Coach Muhammad Danial B.,61,9,4,0,6,4:00 PM,4:30PM,Fri,Aqua Studio - Outdoor Pool,Aqua Studio,Zuma Paddler,Fri|Aqua Studio - Outdoor Pool|Zuma Paddler|4:00 PM,Fri|Aqua Studio|Zuma Paddler|4:00 PM
3250,Swish! Aqua Studio - Outdoor Pool: Zuma Paddler with Coach Muhammad Danial B.,61,9,4,0,6,5:30 PM,6:00PM,Fri,Aqua Studio - Outdoor Pool,Aqua Studio,Zuma Paddler,Fri|Aqua Studio - Outdoor Pool|Zuma Paddler|5:30 PM,Fri|Aqua Studio|Zuma Paddler|5:30 PM
3203,Swish! Hub - Sheltered Pool: Zuma Paddler with Coach Ernest K.,17,9,4,0,7,9:00 AM,9:30AM,Sat,Hub - Sheltered Pool,Hub,Zuma Paddler,Sat|Hub - Sheltered Pool|Zuma Paddler|9:00 AM,Sat|Hub|Zuma Paddler|9:00 AM
917,Swish! Laguna - 20m Outdoor Pool: Zuma Paddler with Coach Joey Y.,68,9,4,0,7,8:00 AM,8:30AM,Sat,Laguna - 20m Outdoor Pool,Laguna,Zuma Paddler,Sat|Laguna - 20m Outdoor Pool|Zuma Paddler|8:00 AM,Sat|Laguna|Zuma Paddler|8:00 AM
3216,Swish! Laguna - 20m Outdoor Pool: Zuma Paddler with Coach Ameer B.,68,9,3,0,1,11:30 AM,12:00PM,Sun,Laguna - 20m Outdoor Pool,Laguna,Zuma Paddler,Sun|Laguna - 20m Outdoor Pool|Zuma Paddler|11:30 AM,Sun|Laguna|Zuma Paddler|11:30 AM
823,Swish! Laguna - 20m Outdoor Pool: Zuma Paddler with Coach Ivan T.,68,9,3,0,1,2:30 PM,3:00PM,Sun,Laguna - 20m Outdoor Pool,Laguna,Zuma Paddler,Sun|Laguna - 20m Outdoor Pool|Zuma Paddler|2:30 PM,Sun|Laguna|Zuma Paddler|2:30 PM
3117,Swish! Laguna - 20m Outdoor Pool: Zuma Paddler with Coach Ivan T.,68,9,2,0,1,8:00 AM,8:30AM,Sun,Laguna - 20m Outdoor Pool,Laguna,Zuma Paddler,Sun|Laguna - 20m Outdoor Pool|Zuma Paddler|8:00 AM,Sun|Laguna|Zuma Paddler|8:00 AM
3207,Swish! Laguna - 20m Outdoor Pool: Zuma Paddler with Coach Ryan L.,68,9,2,0,4,4:00 PM,4:30PM,Wed,Laguna - 20m Outdoor Pool,Laguna,Zuma Paddler,Wed|Laguna - 20m Outdoor Pool|Zuma Paddler|4:00 PM,Wed|Laguna|Zuma Paddler|4:00 PM
2435,Swish! Hub - Sheltered Pool: Zuma Paddler with Coach Ernest K.,17,9,2,0,5,5:30 PM,6:00PM,Thu,Hub - Sheltered Pool,Hub,Zuma Paddler,Thu|Hub - Sheltered Pool|Zuma Paddler|5:30 PM,Thu|Hub|Zuma Paddler|5:30 PM
571,Swish! Aqua Studio - Outdoor Pool: Zuma Paddler with Coach Ian W.,61,9,2,0,7,12:00 PM,12:30PM,Sat,Aqua Studio - Outdoor Pool,Aqua Studio,Zuma Paddler,Sat|Aqua Studio - Outdoor Pool|Zuma Paddler|12:00 PM,Sat|Aqua Studio|Zuma Paddler|12:00 PM
3171,Swish! Laguna - 20m Outdoor Pool: Zuma Paddler with Coach Joey Y.,68,9,2,0,7,10:00 AM,10:30AM,Sat,Laguna - 20m Outdoor Pool,Laguna,Zuma Paddler,Sat|Laguna - 20m Outdoor Pool|Zuma Paddler|10:00 AM,Sat|Laguna|Zuma Paddler|10:00 AM
2993,Swish! Aqua Studio - Outdoor Pool: Zuma Paddler with Coach Nusaibah Sajiah B.,61,9,1,0,1,11:30 AM,12:00PM,Sun,Aqua Studio - Outdoor Pool,Aqua Studio,Zuma Paddler,Sun|Aqua Studio - Outdoor Pool|Zuma Paddler|11:30 AM,Sun|Aqua Studio|Zuma Paddler|11:30 AM
909,Swish! Laguna - 20m Outdoor Pool: Zuma Paddler with Coach Imam R.,68,9,1,0,1,9:00 AM,9:30AM,Sun,Laguna - 20m Outdoor Pool,Laguna,Zuma Paddler,Sun|Laguna - 20m Outdoor Pool|Zuma Paddler|9:00 AM,Sun|Laguna|Zuma Paddler|9:00 AM
789,Swish! Laguna - 20m Outdoor Pool: Zuma Paddler with Coach Joey Y.,68,9,1,0,7,11:30 AM,12:00PM,Sat,Laguna - 20m Outdoor Pool,Laguna,Zuma Paddler,Sat|Laguna - 20m Outdoor Pool|Zuma Paddler|11:30 AM,Sat|Laguna|Zuma Paddler|11:30 AM
554,Swish! Aqua Studio - Outdoor Pool: Zuma Paddler with Coach Amelia F.,61,9,0,0,1,3:30 PM,4:00PM,Sun,Aqua Studio - Outdoor Pool,Aqua Studio,Zuma Paddler,Sun|Aqua Studio - Outdoor Pool|Zuma Paddler|3:30 PM,Sun|Aqua Studio|Zuma Paddler|3:30 PM
731,Swish! Hub - Sheltered Pool: Zuma Paddler with Coach Cal C.,17,9,0,0,1,11:30 AM,12:00PM,Sun,Hub - Sheltered Pool,Hub,Zuma Paddler,Sun|Hub - Sheltered Pool|Zuma Paddler|11:30 AM,Sun|Hub|Zuma Paddler|11:30 AM
726,Swish! Hub - Sheltered Pool: Zuma Paddler with Coach Shannon T.,17,9,0,0,1,4:00 PM,4:30PM,Sun,Hub - Sheltered Pool,Hub,Zuma Paddler,Sun|Hub - Sheltered Pool|Zuma Paddler|4:00 PM,Sun|Hub|Zuma Paddler|4:00 PM
2784,Swish! Hub - Sheltered Pool: Zuma Paddler with Coach Cal C.,17,9,0,0,2,5:00 PM,5:30PM,Mon,Hub - Sheltered Pool,Hub,Zuma Paddler,Mon|Hub - Sheltered Pool|Zuma Paddler|5:00 PM,Mon|Hub|Zuma Paddler|5:00 PM
2546,Swish! Laguna - 20m Outdoor Pool: Zuma Paddler with Coach Ivan T.,68,9,0,0,7,10:00 AM,10:30AM,Sat,Laguna - 20m Outdoor Pool,Laguna,Zuma Paddler,Sat|Laguna - 20m Outdoor Pool|Zuma Paddler|10:00 AM,Sat|Laguna|Zuma Paddler|10:00 AM
822,Swish! Laguna - 20m Outdoor Pool: Zuma Paddler with Coach Amelia F.,68,9,0,0,7,10:30 AM,11:00AM,Sat,Laguna - 20m Outdoor Pool,Laguna,Zuma Paddler,Sat|Laguna - 20m Outdoor Pool|Zuma Paddler|10:30 AM,Sat|Laguna|Zuma Paddler|10:30 AM
824,Swish! Laguna - 20m Outdoor Pool: Zuma Paddler with Coach Shar P.,68,9,0,0,7,4:30 PM,5:00PM,Sat,Laguna - 20m Outdoor Pool,Laguna,Zuma Paddler,Sat|Laguna - 20m Outdoor Pool|Zuma Paddler|4:30 PM,Sat|Laguna|Zuma Paddler|4:30 PM
3248,Swish! Aqua Studio - Outdoor Pool: Zuma Rainbow with Coach Muhammad Danial B.,61,13,5,0,6,5:00 PM,5:30PM,Fri,Aqua Studio - Outdoor Pool,Aqua Studio,Zuma Rainbow,Fri|Aqua Studio - Outdoor Pool|Zuma Rainbow|5:00 PM,Fri|Aqua Studio|Zuma Rainbow|5:00 PM
2461,Swish! Hub - Sheltered Pool: Zuma Rainbow with Coach Cal C.,17,13,4,0,1,2:00 PM,2:30PM,Sun,Hub - Sheltered Pool,Hub,Zuma Rainbow,Sun|Hub - Sheltered Pool|Zuma Rainbow|2:00 PM,Sun|Hub|Zuma Rainbow|2:00 PM
706,Swish! Hub - Sheltered Pool: Zuma Rainbow,17,13,4,0,1,2:30 PM,3:00PM,Sun,Hub - Sheltered Pool,Hub,Zuma Rainbow,Sun|Hub - Sheltered Pool|Zuma Rainbow|2:30 PM,Sun|Hub|Zuma Rainbow|2:30 PM
3237,Swish! Laguna - 20m Outdoor Pool: Zuma Rainbow with Coach Muhammad Danial B.,68,13,4,0,2,5:00 PM,5:30PM,Mon,Laguna - 20m Outdoor Pool,Laguna,Zuma Rainbow,Mon|Laguna - 20m Outdoor Pool|Zuma Rainbow|5:00 PM,Mon|Laguna|Zuma Rainbow|5:00 PM
2644,Swish! Laguna - 20m Outdoor Pool: Zuma Rainbow with Coach Ivan T.,68,13,4,0,7,8:00 AM,8:30AM,Sat,Laguna - 20m Outdoor Pool,Laguna,Zuma Rainbow,Sat|Laguna - 20m Outdoor Pool|Zuma Rainbow|8:00 AM,Sat|Laguna|Zuma Rainbow|8:00 AM
586,Swish! Aqua Studio - Outdoor Pool: Zuma Rainbow with Coach Ian W.,61,13,3,0,7,10:00 AM,10:30AM,Sat,Aqua Studio - Outdoor Pool,Aqua Studio,Zuma Rainbow,Sat|Aqua Studio - Outdoor Pool|Zuma Rainbow|10:00 AM,Sat|Aqua Studio|Zuma Rainbow|10:00 AM
3224,Swish! Laguna - 20m Outdoor Pool: Zuma Rainbow with Coach Imam R.,68,13,2,0,1,11:30 AM,12:00PM,Sun,Laguna - 20m Outdoor Pool,Laguna,Zuma Rainbow,Sun|Laguna - 20m Outdoor Pool|Zuma Rainbow|11:30 AM,Sun|Laguna|Zuma Rainbow|11:30 AM
2705,Swish! Laguna - 20m Outdoor Pool: Zuma Rainbow with Coach Ivan T.,68,13,2,0,1,4:00 PM,4:30PM,Sun,Laguna - 20m Outdoor Pool,Laguna,Zuma Rainbow,Sun|Laguna - 20m Outdoor Pool|Zuma Rainbow|4:00 PM,Sun|Laguna|Zuma Rainbow|4:00 PM
2779,Swish! Laguna - 20m Outdoor Pool: Zuma Rainbow with Coach Ivan T.,68,13,2,0,7,5:30 PM,6:00PM,Sat,Laguna - 20m Outdoor Pool,Laguna,Zuma Rainbow,Sat|Laguna - 20m Outdoor Pool|Zuma Rainbow|5:30 PM,Sat|Laguna|Zuma Rainbow|5:30 PM
567,Swish! Aqua Studio - Outdoor Pool: Zuma Rainbow with Coach Amelia F.,61,13,1,0,1,4:30 PM,5:00PM,Sun,Aqua Studio - Outdoor Pool,Aqua Studio,Zuma Rainbow,Sun|Aqua Studio - Outdoor Pool|Zuma Rainbow|4:30 PM,Sun|Aqua Studio|Zuma Rainbow|4:30 PM
587,Swish! Aqua Studio - Outdoor Pool: Zuma Rainbow with Coach Ian W.,61,13,1,0,7,11:30 AM,12:00PM,Sat,Aqua Studio - Outdoor Pool,Aqua Studio,Zuma Rainbow,Sat|Aqua Studio - Outdoor Pool|Zuma Rainbow|11:30 AM,Sat|Aqua Studio|Zuma Rainbow|11:30 AM
825,Swish! Laguna - 20m Outdoor Pool: Zuma Rainbow with Coach Ivan T.,68,13,1,0,7,3:00 PM,3:30PM,Sat,Laguna - 20m Outdoor Pool,Laguna,Zuma Rainbow,Sat|Laguna - 20m Outdoor Pool|Zuma Rainbow|3:00 PM,Sat|Laguna|Zuma Rainbow|3:00 PM
831,Swish! Laguna - 20m Outdoor Pool: Zuma Rainbow with Coach Amelia F.,68,13,1,0,7,9:30 AM,10:00AM,Sat,Laguna - 20m Outdoor Pool,Laguna,Zuma Rainbow,Sat|Laguna - 20m Outdoor Pool|Zuma Rainbow|9:30 AM,Sat|Laguna|Zuma Rainbow|9:30 AM
575,Swish! Aqua Studio - Outdoor Pool: Zuma Rainbow with Coach Nusaibah Sajiah B.,61,13,0,0,1,9:30 AM,10:00AM,Sun,Aqua Studio - Outdoor Pool,Aqua Studio,Zuma Rainbow,Sun|Aqua Studio - Outdoor Pool|Zuma Rainbow|9:30 AM,Sun|Aqua Studio|Zuma Rainbow|9:30 AM
2693,Swish! Laguna - 20m Outdoor Pool: Zuma Rainbow with Coach Ivan T.,68,13,0,0,1,10:30 AM,11:00AM,Sun,Laguna - 20m Outdoor Pool,Laguna,Zuma Rainbow,Sun|Laguna - 20m Outdoor Pool|Zuma Rainbow|10:30 AM,Sun|Laguna|Zuma Rainbow|10:30 AM
2598,Swish! Hub - Sheltered Pool: Zuma Rainbow with Coach Ryan L.,17,13,0,0,2,5:00 PM,5:30PM,Mon,Hub - Sheltered Pool,Hub,Zuma Rainbow,Mon|Hub - Sheltered Pool|Zuma Rainbow|5:00 PM,Mon|Hub|Zuma Rainbow|5:00 PM
797,Swish! Laguna - 20m Outdoor Pool: Zuma Rainbow with Coach Ryan L.,68,13,0,0,3,5:00 PM,5:30PM,Tue,Laguna - 20m Outdoor Pool,Laguna,Zuma Rainbow,Tue|Laguna - 20m Outdoor Pool|Zuma Rainbow|5:00 PM,Tue|Laguna|Zuma Rainbow|5:00 PM
2841,Swish! Laguna - 20m Outdoor Pool: Zuma Rainbow with Coach Ryan L.,68,13,0,0,4,3:30 PM,4:00PM,Wed,Laguna - 20m Outdoor Pool,Laguna,Zuma Rainbow,Wed|Laguna - 20m Outdoor Pool|Zuma Rainbow|3:30 PM,Wed|Laguna|Zuma Rainbow|3:30 PM
2411,Swish! Hub - Sheltered Pool: Zuma Rainbow with Coach Ernest K.,17,13,0,0,5,5:00 PM,5:30PM,Thu,Hub - Sheltered Pool,Hub,Zuma Rainbow,Thu|Hub - Sheltered Pool|Zuma Rainbow|5:00 PM,Thu|Hub|Zuma Rainbow|5:00 PM
2912,Swish! Aqua Studio - Outdoor Pool: Zuma Rainbow with Coach Ryan L.,61,13,0,0,7,9:00 AM,9:30AM,Sat,Aqua Studio - Outdoor Pool,Aqua Studio,Zuma Rainbow,Sat|Aqua Studio - Outdoor Pool|Zuma Rainbow|9:00 AM,Sat|Aqua Studio|Zuma Rainbow|9:00 AM
3059,Swish! Hub - Sheltered Pool: Zuma Rainbow with Coach Ryan L.,17,13,0,0,7,3:00 PM,3:30PM,Sat,Hub - Sheltered Pool,Hub,Zuma Rainbow,Sat|Hub - Sheltered Pool|Zuma Rainbow|3:00 PM,Sat|Hub|Zuma Rainbow|3:00 PM
1017,Swish! Laguna - 20m Outdoor Pool: Zuma Rainbow with Coach Shar P.,68,13,0,0,7,12:00 PM,12:30PM,Sat,Laguna - 20m Outdoor Pool,Laguna,Zuma Rainbow,Sat|Laguna - 20m Outdoor Pool|Zuma Rainbow|12:00 PM,Sat|Laguna|Zuma Rainbow|12:00 PM
832,Swish! Laguna - 20m Outdoor Pool: Zuma Rainbow with Coach Shar P.,68,13,0,0,7,4:00 PM,4:30PM,Sat,Laguna - 20m Outdoor Pool,Laguna,Zuma Rainbow,Sat|Laguna - 20m Outdoor Pool|Zuma Rainbow|4:00 PM,Sat|Laguna|Zuma Rainbow|4:00 PM
2571,Swish! Laguna - 20m Outdoor Pool: Zuma Roller with Coach Ryan L.,68,10,4,0,3,3:30 PM,4:00PM,Tue,Laguna - 20m Outdoor Pool,Laguna,Zuma Roller,Tue|Laguna - 20m Outdoor Pool|Zuma Roller|3:30 PM,Tue|Laguna|Zuma Roller|3:30 PM
835,Swish! Laguna - 20m Outdoor Pool: Zuma Roller with Coach Ivan T.,68,10,4,0,7,2:30 PM,3:00PM,Sat,Laguna - 20m Outdoor Pool,Laguna,Zuma Roller,Sat|Laguna - 20m Outdoor Pool|Zuma Roller|2:30 PM,Sat|Laguna|Zuma Roller|2:30 PM
3044,Swish! Hub - Sheltered Pool: Zuma Roller with Coach Amelia F.,17,10,3,0,1,12:00 PM,12:30PM,Sun,Hub - Sheltered Pool,Hub,Zuma Roller,Sun|Hub - Sheltered Pool|Zuma Roller|12:00 PM,Sun|Hub|Zuma Roller|12:00 PM
713,Swish! Hub - Sheltered Pool: Zuma Roller with Coach Shannon T.,17,10,3,0,1,3:00 PM,3:30PM,Sun,Hub - Sheltered Pool,Hub,Zuma Roller,Sun|Hub - Sheltered Pool|Zuma Roller|3:00 PM,Sun|Hub|Zuma Roller|3:00 PM
2676,Swish! Laguna - 20m Outdoor Pool: Zuma Roller with Coach Imam R.,68,10,3,0,1,8:00 AM,8:30AM,Sun,Laguna - 20m Outdoor Pool,Laguna,Zuma Roller,Sun|Laguna - 20m Outdoor Pool|Zuma Roller|8:00 AM,Sun|Laguna|Zuma Roller|8:00 AM
741,Swish! Hub - Sheltered Pool: Zuma Roller with Coach Joey Y.,17,10,3,0,3,5:30 PM,6:00PM,Tue,Hub - Sheltered Pool,Hub,Zuma Roller,Tue|Hub - Sheltered Pool|Zuma Roller|5:30 PM,Tue|Hub|Zuma Roller|5:30 PM
3047,Swish! Laguna - 20m Outdoor Pool: Zuma Roller with Coach Daphne S.,68,10,2,0,3,4:00 PM,4:30PM,Tue,Laguna - 20m Outdoor Pool,Laguna,Zuma Roller,Tue|Laguna - 20m Outdoor Pool|Zuma Roller|4:00 PM,Tue|Laguna|Zuma Roller|4:00 PM
2923,Swish! Laguna - 20m Outdoor Pool: Zuma Roller with Coach Ryan L.,68,10,2,0,4,4:30 PM,5:00PM,Wed,Laguna - 20m Outdoor Pool,Laguna,Zuma Roller,Wed|Laguna - 20m Outdoor Pool|Zuma Roller|4:30 PM,Wed|Laguna|Zuma Roller|4:30 PM
738,Swish! Hub - Sheltered Pool: Zuma Roller with Coach Amelia F.,17,10,2,0,5,5:00 PM,5:30PM,Thu,Hub - Sheltered Pool,Hub,Zuma Roller,Thu|Hub - Sheltered Pool|Zuma Roller|5:00 PM,Thu|Hub|Zuma Roller|5:00 PM
844,Swish! Laguna - 20m Outdoor Pool: Zuma Roller with Coach Shar P.,68,10,2,0,7,10:00 AM,10:30AM,Sat,Laguna - 20m Outdoor Pool,Laguna,Zuma Roller,Sat|Laguna - 20m Outdoor Pool|Zuma Roller|10:00 AM,Sat|Laguna|Zuma Roller|10:00 AM
2771,Swish! Laguna - 20m Outdoor Pool: Zuma Roller with Coach Imam R.,68,10,1,0,1,4:00 PM,4:30PM,Sun,Laguna - 20m Outdoor Pool,Laguna,Zuma Roller,Sun|Laguna - 20m Outdoor Pool|Zuma Roller|4:00 PM,Sun|Laguna|Zuma Roller|4:00 PM
740,Swish! Hub - Sheltered Pool: Zuma Roller with Coach Ryan L.,17,10,1,0,2,5:30 PM,6:00PM,Mon,Hub - Sheltered Pool,Hub,Zuma Roller,Mon|Hub - Sheltered Pool|Zuma Roller|5:30 PM,Mon|Hub|Zuma Roller|5:30 PM
742,Swish! Hub - Sheltered Pool: Zuma Roller with Coach Ryan L.,17,10,1,0,7,5:00 PM,5:30PM,Sat,Hub - Sheltered Pool,Hub,Zuma Roller,Sat|Hub - Sheltered Pool|Zuma Roller|5:00 PM,Sat|Hub|Zuma Roller|5:00 PM
2703,Swish! Laguna - 20m Outdoor Pool: Zuma Roller with Coach Amelia F.,68,10,1,0,7,12:00 PM,12:30PM,Sat,Laguna - 20m Outdoor Pool,Laguna,Zuma Roller,Sat|Laguna - 20m Outdoor Pool|Zuma Roller|12:00 PM,Sat|Laguna|Zuma Roller|12:00 PM
841,Swish! Laguna - 20m Outdoor Pool: Zuma Roller with Coach Ivan T.,68,10,0,0,1,10:00 AM,10:30AM,Sun,Laguna - 20m Outdoor Pool,Laguna,Zuma Roller,Sun|Laguna - 20m Outdoor Pool|Zuma Roller|10:00 AM,Sun|Laguna|Zuma Roller|10:00 AM
920,Swish! Laguna - 20m Outdoor Pool: Zuma Roller with Coach Ivan T.,68,10,0,0,1,11:00 AM,11:30AM,Sun,Laguna - 20m Outdoor Pool,Laguna,Zuma Roller,Sun|Laguna - 20m Outdoor Pool|Zuma Roller|11:00 AM,Sun|Laguna|Zuma Roller|11:00 AM
3064,Swish! Laguna - 20m Outdoor Pool: Zuma Roller with Coach Ivan T.,68,10,0,0,1,4:30 PM,5:00PM,Sun,Laguna - 20m Outdoor Pool,Laguna,Zuma Roller,Sun|Laguna - 20m Outdoor Pool|Zuma Roller|4:30 PM,Sun|Laguna|Zuma Roller|4:30 PM
910,Swish! Laguna - 20m Outdoor Pool: Zuma Roller with Coach Ivan T.,68,10,0,0,1,9:00 AM,9:30AM,Sun,Laguna - 20m Outdoor Pool,Laguna,Zuma Roller,Sun|Laguna - 20m Outdoor Pool|Zuma Roller|9:00 AM,Sun|Laguna|Zuma Roller|9:00 AM
845,Swish! Laguna - 20m Outdoor Pool: Zuma Roller with Coach Shar P.,68,10,0,0,7,11:30 AM,12:00PM,Sat,Laguna - 20m Outdoor Pool,Laguna,Zuma Roller,Sat|Laguna - 20m Outdoor Pool|Zuma Roller|11:30 AM,Sat|Laguna|Zuma Roller|11:30 AM
2314,Swish! Laguna - 20m Outdoor Pool: Zuma Roller with Coach Ivan T.,68,10,0,0,7,4:00 PM,4:30PM,Sat,Laguna - 20m Outdoor Pool,Laguna,Zuma Roller,Sat|Laguna - 20m Outdoor Pool|Zuma Roller|4:00 PM,Sat|Laguna|Zuma Roller|4:00 PM
2859,Swish! Laguna - 20m Outdoor Pool: Zuma Roller with Coach Shar P.,68,10,0,0,7,8:30 AM,9:00AM,Sat,Laguna - 20m Outdoor Pool,Laguna,Zuma Roller,Sat|Laguna - 20m Outdoor Pool|Zuma Roller|8:30 AM,Sat|Laguna|Zuma Roller|8:30 AM
843,Swish! Laguna - 20m Outdoor Pool: Zuma Roller with Coach Shar P.,68,10,0,0,7,9:30 AM,10:00AM,Sat,Laguna - 20m Outdoor Pool,Laguna,Zuma Roller,Sat|Laguna - 20m Outdoor Pool|Zuma Roller|9:30 AM,Sat|Laguna|Zuma Roller|9:30 AM
948,Swish! Laguna - 20m Outdoor Pool: Zuma Stroker with Coach Daphne S.,68,11,3,0,3,4:30 PM,5:00PM,Tue,Laguna - 20m Outdoor Pool,Laguna,Zuma Stroker,Tue|Laguna - 20m Outdoor Pool|Zuma Stroker|4:30 PM,Tue|Laguna|Zuma Stroker|4:30 PM
926,Swish! Laguna - 20m Outdoor Pool: Zuma Stroker with Coach Ivan T.,68,11,2,0,1,3:30 PM,4:00PM,Sun,Laguna - 20m Outdoor Pool,Laguna,Zuma Stroker,Sun|Laguna - 20m Outdoor Pool|Zuma Stroker|3:30 PM,Sun|Laguna|Zuma Stroker|3:30 PM
847,Swish! Laguna - 20m Outdoor Pool: Zuma Stroker with Coach Imam R.,68,11,1,0,1,12:00 PM,12:30PM,Sun,Laguna - 20m Outdoor Pool,Laguna,Zuma Stroker,Sun|Laguna - 20m Outdoor Pool|Zuma Stroker|12:00 PM,Sun|Laguna|Zuma Stroker|12:00 PM
755,Swish! Laguna - 20m Outdoor Pool: Zuma Stroker with Coach Imam R.,68,11,1,0,1,4:30 PM,5:00PM,Sun,Laguna - 20m Outdoor Pool,Laguna,Zuma Stroker,Sun|Laguna - 20m Outdoor Pool|Zuma Stroker|4:30 PM,Sun|Laguna|Zuma Stroker|4:30 PM
784,Swish! Laguna - 20m Outdoor Pool: Zuma Stroker with Coach Ivan T.,68,11,1,0,1,5:00 PM,5:30PM,Sun,Laguna - 20m Outdoor Pool,Laguna,Zuma Stroker,Sun|Laguna - 20m Outdoor Pool|Zuma Stroker|5:00 PM,Sun|Laguna|Zuma Stroker|5:00 PM
854,Swish! Laguna - 20m Outdoor Pool: Zuma Stroker with Coach Joey Y.,68,11,1,0,7,12:00 PM,12:30PM,Sat,Laguna - 20m Outdoor Pool,Laguna,Zuma Stroker,Sat|Laguna - 20m Outdoor Pool|Zuma Stroker|12:00 PM,Sat|Laguna|Zuma Stroker|12:00 PM
2365,Swish! Laguna - 20m Outdoor Pool: Zuma Stroker with Coach Ivan T.,68,11,0,0,7,3:30 PM,4:00PM,Sat,Laguna - 20m Outdoor Pool,Laguna,Zuma Stroker,Sat|Laguna - 20m Outdoor Pool|Zuma Stroker|3:30 PM,Sat|Laguna|Zuma Stroker|3:30 PM
853,Swish! Laguna - 20m Outdoor Pool: Zuma Stroker with Coach Joey Y.,68,11,0,0,7,8:30 AM,9:00AM,Sat,Laguna - 20m Outdoor Pool,Laguna,Zuma Stroker,Sat|Laguna - 20m Outdoor Pool|Zuma Stroker|8:30 AM,Sat|Laguna|Zuma Stroker|8:30 AM
2530,Swish! Laguna - 20m Outdoor Pool: Zuma Stroker with Coach Ivan T.,68,11,0,0,7,9:30 AM,10:00AM,Sat,Laguna - 20m Outdoor Pool,Laguna,Zuma Stroker,Sat|Laguna - 20m Outdoor Pool|Zuma Stroker|9:30 AM,Sat|Laguna|Zuma Stroker|9:30 AM
3247,Swish! Hub - Sheltered Pool: Adult Class with Coach Muhammad Danial B.,17,25,5,0,6,9:00 AM,9:30AM,Fri,Hub - Sheltered Pool,Hub,Adult Class,Fri|Hub - Sheltered Pool|Adult Class|9:00 AM,Fri|Hub|Adult Class|9:00 AM
